File;Language;Corpus;Code;Age(Month);Sex;Group;Race;SES;Role;Education;Custom_field;Design;Activity;Group;Total_Utts;MLU_Utts;MLU_Words;MLU_Morphemes;MLU50_Utts;MLU50_Words;MLU50_Morphemes;FREQ_types;FREQ_tokens;FREQ_TTR;NDW_100;VOCD_D_optimum_average;Verbs_Utt;TD_Words;TD_Utts;TD_Time_(secs);TD_Words_Time;TD_Utts_Time;Word_Errors;Utt_Errors;retracing;repetition;DSS_Utts;DSS;IPSyn_Utts;IPSyn_Total;mor_Words;*-PRESP;in;on;*-PL;irr-PAST;*-POSS;u-cop;det:art;*-PAST;*-3S;irr-3S;u-aux;c-cop;c-aux;Total_non_zero_mors
Alex/Alex_010427.cha;eng;Providence;CHI;17;male;.;.;.;Target_Child;.;.;long;toyplay;TD;22;22;1;1;22;NA;NA;10;22;0.455;NA;NA;0.136;22;162;700;0.031;0.231;0;0;0;0;0;NA;8;NA;22;0;0;0;0;0;0;0;0;0;0;0;0;0;0;0
Alex/Alex_010512.cha;eng;Providence;CHI;17;male;.;.;.;Target_Child;.;.;long;toyplay;TD;16;15;1;1;15;NA;NA;7;16;0.438;NA;NA;0;16;201;1042;0.015;0.193;0;0;0;0;0;NA;6;NA;16;0;0;0;0;0;0;0;0;0;0;0;0;0;0;0
Alex/Alex_010526.cha;eng;Providence;CHI;18;male;.;.;.;Target_Child;.;.;long;toyplay;TD;26;26;1.154;1.154;26;NA;NA;13;30;0.433;NA;NA;0;30;255;874;0.034;0.292;0;0;0;0;0;NA;12;NA;30;0;0;0;0;0;0;0;1;0;0;0;0;0;0;1
Alex/Alex_010614.cha;eng;Providence;CHI;18;male;.;.;.;Target_Child;.;.;long;toyplay;TD;10;10;1.1;1.1;10;NA;NA;6;11;0.545;NA;NA;0;11;259;935;0.012;0.277;0;0;0;0;0;NA;5;NA;11;0;0;0;0;0;0;0;1;0;0;0;0;0;0;1
Alex/Alex_010707.cha;eng;Providence;CHI;19;male;.;.;.;Target_Child;.;.;long;toyplay;TD;45;36;3.528;3.528;36;NA;NA;17;160;0.106;6;0.71;0.044;160;260;923;0.173;0.282;0;0;0;0;0;NA;27;NA;160;0;0;0;0;0;0;0;0;0;0;0;0;0;0;0
Alex/Alex_010726.cha;eng;Providence;CHI;20;male;.;.;.;Target_Child;.;.;long;toyplay;TD;125;101;1.406;1.574;50;1.58;1.86;36;213;0.169;28;4.86;0.312;217;408;1531;0.142;0.266;0;0;0;66;6;NA;47;NA;213;0;0;0;0;0;0;15;1;0;0;0;0;18;0;3
Alex/Alex_010811.cha;eng;Providence;CHI;20;male;.;.;.;Target_Child;.;.;long;toyplay;TD;122;107;1.561;1.617;50;1.42;1.5;50;193;0.259;34;7.77;0.074;188;373;1245;0.151;0.3;0;0;0;0;5;NA;50;9;193;1;0;0;0;0;0;3;5;0;0;0;0;4;1;5
Alex/Alex_010825.cha;eng;Providence;CHI;21;male;.;.;.;Target_Child;.;.;long;toyplay;TD;112;98;1.418;1.612;50;1.4;1.56;34;189;0.18;23;6.07;0.286;168;521;1698;0.099;0.307;0;0;0;14;8;NA;44;NA;189;0;0;0;0;0;0;6;2;0;0;0;0;24;0;3
Alex/Alex_010908.cha;eng;Providence;CHI;21;male;.;.;.;Target_Child;.;.;long;toyplay;TD;158;122;1.713;2.189;50;1.68;2.04;37;344;0.108;25;3.88;0.544;274;478;1755;0.156;0.272;0;0;0;0;6;NA;46;NA;344;0;0;0;0;5;0;0;0;0;0;0;0;70;0;2
Alex/Alex_010922.cha;eng;Providence;CHI;22;male;.;.;.;Target_Child;.;.;long;toyplay;TD;296;218;1.404;1.633;50;1.6;1.74;39;490;0.08;23;5.12;0.213;428;654;1920;0.223;0.341;0;0;0;0;3;NA;50;8;490;0;0;0;2;0;0;1;8;0;0;0;0;62;0;4
Alex/Alex_011006.cha;eng;Providence;CHI;22;male;.;.;.;Target_Child;.;.;long;toyplay;TD;351;300;1.317;1.41;50;1.24;1.3;39;503;0.078;17;5.6;0.123;471;623;1661;0.284;0.375;0;0;0;0;4;NA;50;11;503;0;0;0;0;0;0;0;5;0;0;0;0;32;0;2
Alex/Alex_011024.cha;eng;Providence;CHI;23;male;.;.;.;Target_Child;.;.;long;toyplay;TD;434;315;1.463;1.581;50;1.5;1.88;59;722;0.082;25;4.96;0.115;678;761;2076;0.327;0.367;0;0;0;0;2;NA;50;11;722;0;0;0;1;0;0;1;3;0;0;0;0;44;0;4
Alex/Alex_011103.cha;eng;Providence;CHI;23;male;.;.;.;Target_Child;.;.;long;toyplay;TD;294;235;1.306;1.434;50;1.36;1.52;88;433;0.203;39;13.63;0.19;394;583;1460;0.27;0.399;0;0;0;0;12;NA;50;20;433;0;0;0;1;1;0;1;8;0;0;0;0;38;0;5
Alex/Alex_011117.cha;eng;Providence;CHI;24;male;.;.;.;Target_Child;.;.;long;toyplay;TD;314;291;1.426;1.515;50;1.22;1.24;79;484;0.163;33;8.19;0.217;458;407;1082;0.423;0.376;0;0;0;0;21;NA;50;18;484;0;0;1;0;5;0;30;7;0;1;0;1;26;0;7
Alex/Alex_011127.cha;eng;Providence;CHI;24;male;.;.;.;Target_Child;.;.;long;toyplay;TD;204;176;1.386;1.449;50;1.46;1.56;50;289;0.173;29;10.5;0.147;297;431;958;0.31;0.45;0;0;0;18;4;NA;50;13;289;0;0;0;0;1;0;0;20;0;0;0;0;9;0;3
Alex/Alex_020012.cha;eng;Providence;CHI;24;male;.;.;.;Target_Child;.;.;long;toyplay;TD;192;142;1.387;1.451;50;1.46;1.48;30;260;0.115;15;4.08;0.036;258;408;1376;0.187;0.296;0;0;0;0;2;NA;50;9;260;0;0;0;0;0;0;0;35;0;0;0;0;1;0;2
Alex/Alex_020102.cha;eng;Providence;CHI;25;male;.;.;.;Target_Child;.;.;long;toyplay;TD;215;182;1.747;1.819;50;2.04;2.14;56;386;0.145;28;9.67;0.102;376;400;1041;0.361;0.384;0;0;0;0;7;NA;50;16;386;0;4;1;0;0;0;0;8;1;0;0;0;9;0;5
Alex/Alex_020117.cha;eng;Providence;CHI;26;male;.;.;.;Target_Child;.;.;long;toyplay;TD;196;147;1.605;1.619;50;1.52;1.52;52;291;0.179;23;11.47;0.066;289;257;708;0.408;0.363;0;0;0;0;4;NA;50;10;291;0;0;0;1;0;0;6;8;0;0;0;0;2;0;4
Alex/Alex_020200.cha;eng;Providence;CHI;26;male;.;.;.;Target_Child;.;.;long;toyplay;TD;129;89;2.404;2.775;50;2.72;3.04;56;282;0.199;34;8.87;0.132;268;235;811;0.33;0.29;0;0;0;0;4;NA;50;13;282;0;0;0;35;0;1;0;22;0;0;0;1;14;0;5
Alex/Alex_020217.cha;eng;Providence;CHI;27;male;.;.;.;Target_Child;.;.;long;toyplay;TD;293;236;1.826;1.992;50;1.6;1.62;74;548;0.135;26;18.12;0.174;508;439;1240;0.41;0.354;0;0;0;0;31;NA;50;9;548;0;0;0;0;0;1;0;63;0;0;0;1;40;0;4
Alex/Alex_020300.cha;eng;Providence;CHI;27;male;.;.;.;Target_Child;.;.;long;toyplay;TD;409;328;1.631;1.698;50;1.66;1.76;102;680;0.15;32;20.86;0.1;657;565;1528;0.43;0.37;0;0;0;0;16;NA;50;17;680;0;0;0;6;2;0;3;89;0;0;0;0;22;0;5
Alex/Alex_020314.cha;eng;Providence;CHI;27;male;.;.;.;Target_Child;.;.;long;toyplay;TD;325;256;1.457;1.645;50;1.5;1.78;69;512;0.135;32;14.01;0.194;463;567;1396;0.332;0.406;0;0;0;0;11;NA;50;16;512;0;2;0;12;0;0;0;33;0;0;0;0;49;0;4
Alex/Alex_020326.cha;eng;Providence;CHI;28;male;.;.;.;Target_Child;.;.;long;toyplay;TD;857;775;1.876;2.19;50;1.98;2.02;176;1840;0.096;36;17.27;0.382;1614;949;1766;0.914;0.537;0;0;0;0;50;5.48;50;24;1840;0;2;1;10;0;0;7;131;0;0;0;3;220;0;7
Alex/Alex_020411.cha;eng;Providence;CHI;28;male;.;.;.;Target_Child;.;.;long;toyplay;TD;463;380;1.789;2.061;50;2.18;2.28;152;917;0.166;19;15.53;0.352;819;669;1645;0.498;0.407;1;0;0;0;23;NA;50;21;917;0;0;0;3;0;3;0;13;0;0;0;3;93;0;5
Alex/Alex_020425.cha;eng;Providence;CHI;29;male;.;.;.;Target_Child;.;.;long;toyplay;TD;667;537;2.024;2.214;50;2.66;2.92;155;1371;0.113;24;32.97;0.196;1317;767;1433;0.919;0.535;0;0;0;0;50;5.16;50;23;1371;1;1;1;17;6;0;6;67;3;0;0;8;45;2;11
Alex/Alex_020509.cha;eng;Providence;CHI;29;male;.;.;.;Target_Child;.;.;long;toyplay;TD;637;507;1.986;2.29;50;2.06;2.24;220;1354;0.162;46;45.62;0.267;1329;798;1807;0.735;0.441;18;0;0;49;50;4.18;50;19;1354;7;4;4;32;6;6;5;132;0;12;0;0;65;2;11
Alex/Alex_020523.cha;eng;Providence;CHI;30;male;.;.;.;Target_Child;.;.;long;toyplay;TD;426;313;2.348;2.534;50;3;3.08;190;959;0.198;39;49.55;0.239;931;674;2118;0.44;0.318;0;0;0;0;46;NA;50;25;959;5;10;8;28;3;0;1;59;0;1;0;2;24;1;11
Alex/Alex_020606.cha;eng;Providence;CHI;30;male;.;.;.;Target_Child;.;.;long;toyplay;TD;711;588;2.15;2.337;50;2.36;2.56;243;1566;0.155;31;56.84;0.27;1601;844;1991;0.804;0.424;0;0;0;157;50;4.6;50;24;1566;2;6;13;69;17;5;6;93;1;6;0;1;18;1;13
Alex/Alex_020620.cha;eng;Providence;CHI;31;male;.;.;.;Target_Child;.;.;long;toyplay;TD;517;371;2.588;2.83;50;2.74;2.88;265;1344;0.197;55;56.9;0.381;1295;645;2461;0.526;0.262;0;0;0;0;50;4.98;50;32;1344;4;11;11;22;34;2;15;98;2;4;0;2;37;2;13
Alex/Alex_020705.cha;eng;Providence;CHI;31;male;.;.;.;Target_Child;.;.;long;toyplay;TD;263;158;2.57;2.741;50;2.62;2.8;149;680;0.219;33;42.65;0.255;653;433;2394;0.273;0.181;0;0;0;0;33;NA;50;24;680;0;6;1;6;9;0;4;44;1;1;0;2;26;0;10
Alex/Alex_020724.cha;eng;Providence;CHI;32;male;.;.;.;Target_Child;.;.;long;toyplay;TD;270;117;3.376;3.761;50;3.9;4.6;170;983;0.173;32;51.79;0.411;963;444;2633;0.366;0.169;0;0;0;5;27;NA;50;35;983;5;23;2;18;3;0;0;63;0;1;0;3;21;3;10
Alex/Alex_020810.cha;eng;Providence;CHI;32;male;.;.;.;Target_Child;.;.;long;toyplay;TD;428;279;2.265;2.452;50;2.56;2.66;219;1034;0.212;45;56.15;0.339;997;559;1997;0.499;0.28;0;0;0;0;50;4.92;50;31;1034;4;19;3;22;12;0;6;66;4;3;2;1;26;2;13
Alex/Alex_020816.cha;eng;Providence;CHI;33;male;.;.;.;Target_Child;.;.;long;toyplay;TD;470;340;2.097;2.303;50;1.68;1.9;184;1101;0.167;38;34.37;0.438;1039;700;1866;0.557;0.375;0;0;0;1;50;7.92;50;20;1101;4;12;4;20;0;0;7;32;1;2;0;1;56;1;11
Alex/Alex_020828.cha;eng;Providence;CHI;33;male;.;.;.;Target_Child;.;.;long;toyplay;TD;392;294;2.282;2.473;50;2.86;2.94;217;932;0.233;44;72.18;0.296;893;536;2061;0.433;0.26;0;0;0;0;41;NA;50;25;932;3;4;7;10;1;0;2;48;2;1;0;1;34;0;11
Alex/Alex_020913.cha;eng;Providence;CHI;33;male;.;.;.;Target_Child;.;.;long;toyplay;TD;534;375;2.243;2.483;50;2.22;2.78;241;1265;0.191;33;50.56;0.38;1199;768;1936;0.619;0.397;0;0;0;3;50;6.62;50;24;1265;6;23;14;38;3;5;7;68;2;7;1;1;63;1;14
Alex/Alex_020926.cha;eng;Providence;CHI;34;male;.;.;.;Target_Child;.;.;long;toyplay;TD;553;379;1.931;2.327;50;2.28;2.56;258;1282;0.201;43;39.18;0.456;1198;791;2134;0.561;0.371;0;0;0;50;50;5.86;50;29;1282;11;9;12;45;8;2;5;56;2;7;0;1;97;7;13
Alex/Alex_021011.cha;eng;Providence;CHI;34;male;.;.;.;Target_Child;.;.;long;toyplay;TD;447;298;2.587;2.876;50;3;3.42;169;1221;0.138;42;33.18;0.519;1156;611;1968;0.587;0.31;0;0;0;17;50;5.66;50;40;1221;13;13;5;9;8;0;11;30;0;20;0;1;54;3;11
Alex/Alex_021025.cha;eng;Providence;CHI;35;male;.;.;.;Target_Child;.;.;long;toyplay;TD;434;348;2.698;2.914;50;2.6;2.96;251;1273;0.197;49;55.9;0.486;1224;537;1673;0.732;0.321;0;0;0;0;50;5.7;50;37;1273;6;3;3;13;7;0;27;71;2;7;2;6;35;3;13
Alex/Alex_021108.cha;eng;Providence;CHI;35;male;.;.;.;Target_Child;.;.;long;toyplay;TD;543;389;2.55;2.848;50;2.08;2.34;293;1412;0.208;43;38.68;0.473;1364;751;2364;0.577;0.318;0;0;0;0;50;6.06;50;21;1412;17;4;5;37;6;3;34;78;1;19;0;8;35;5;13
Alex/Alex_021122.cha;eng;Providence;CHI;36;male;.;.;.;Target_Child;.;.;long;toyplay;TD;426;333;2.072;2.252;50;2.1;2.52;245;944;0.26;34;55.17;0.289;918;661;2427;0.378;0.272;1;0;0;2;44;NA;50;26;944;8;17;31;23;1;0;10;100;4;3;0;1;22;1;12
Alex/Alex_030006.cha;eng;Providence;CHI;36;male;.;.;.;Target_Child;.;.;long;toyplay;TD;620;417;2.707;3.096;50;2.66;3.12;303;1812;0.167;39;47.71;0.558;1719;784;2326;0.739;0.337;0;0;0;11;50;6.84;50;27;1812;10;33;25;42;8;2;23;87;1;67;2;9;86;6;14
Alex/Alex_030103.cha;eng;Providence;CHI;37;male;.;.;.;Target_Child;.;.;long;toyplay;TD;408;295;2.22;2.597;50;2.36;2.74;217;1057;0.205;36;42.35;0.471;996;556;1880;0.53;0.296;0;0;0;17;50;4.78;50;26;1057;11;9;5;34;2;13;16;95;5;8;1;4;71;4;14
Alex/Alex_030119.cha;eng;Providence;CHI;38;male;.;.;.;Target_Child;.;.;long;toyplay;TD;627;473;2.812;3.205;50;2.62;2.96;304;1938;0.157;54;49.03;0.478;2086;788;2836;0.736;0.278;0;0;0;113;50;5.66;50;41;1938;45;23;23;50;40;12;19;108;2;4;1;7;62;21;14
Alex/Alex_030200.cha;eng;Providence;CHI;38;male;.;.;.;Target_Child;.;.;long;toyplay;TD;546;405;2.889;3.116;50;3.74;4.06;219;1696;0.129;51;38.15;0.419;1739;714;2136;0.814;0.334;0;0;0;112;50;4.54;50;38;1696;9;9;2;24;26;0;5;138;0;2;2;2;55;4;12
Alex/Alex_030214.cha;eng;Providence;CHI;38;male;.;.;.;Target_Child;.;.;long;toyplay;TD;509;418;2.459;2.663;50;2.6;2.88;241;1382;0.174;57;61.12;0.536;1338;615;1634;0.819;0.376;0;0;0;0;50;5.78;50;48;1382;13;20;5;24;9;0;17;83;0;19;1;5;27;1;12
Alex/Alex_030301.cha;eng;Providence;CHI;39;male;.;.;.;Target_Child;.;.;long;toyplay;TD;437;314;2.462;2.828;50;1.72;2;290;1166;0.249;48;49.47;0.398;1117;722;2447;0.456;0.295;0;0;0;33;50;4.74;50;27;1166;12;5;2;19;7;1;6;90;5;6;2;0;72;2;13
Alex/Alex_030313.cha;eng;Providence;CHI;39;male;.;.;.;Target_Child;.;.;long;toyplay;TD;388;287;2.707;2.979;50;2.8;3.02;184;1108;0.166;37;46.55;0.518;1068;479;1779;0.6;0.269;1;0;0;17;50;5.74;50;39;1108;5;1;6;24;4;11;9;69;9;3;0;5;21;4;13
Alex/Alex_030327.cha;eng;Providence;CHI;40;male;.;.;.;Target_Child;.;.;long;toyplay;TD;466;310;2.49;2.713;50;2.04;2.2;211;1298;0.163;50;41.26;0.451;1254;686;1883;0.666;0.364;0;0;0;33;50;7.1;50;27;1298;3;0;0;15;1;6;17;65;0;3;0;3;57;2;10
Alex/Alex_030410.cha;eng;Providence;CHI;40;male;.;.;.;Target_Child;.;.;long;toyplay;TD;529;428;2.245;2.498;50;2.4;2.82;249;1275;0.195;31;52.67;0.291;1259;769;1870;0.673;0.411;0;0;0;40;50;4.82;50;32;1275;4;4;4;32;15;2;18;86;2;3;0;4;34;3;13
Alex/Alex_030424.cha;eng;Providence;CHI;41;male;.;.;.;Target_Child;.;.;long;toyplay;TD;470;309;3.327;3.783;50;3.12;3.66;253;1668;0.152;43;43.58;0.649;1641;610;2023;0.811;0.302;0;0;0;100;50;7.28;50;45;1668;7;9;5;59;5;3;15;124;6;0;1;5;63;8;13
Alex/Alex_030516.cha;eng;Providence;CHI;42;male;.;.;.;Target_Child;.;.;long;toyplay;TD;773;559;3.02;3.299;50;3.24;3.46;279;2380;0.117;46;39.92;0.596;2300;1145;2635;0.873;0.435;0;0;0;33;50;6.1;50;35;2380;9;9;32;54;7;1;12;105;2;12;0;8;48;4;13
Ethan/Ethan_001104.cha;eng;Providence;CHI;11;male;.;.;.;Target_Child;.;.;long;toyplay;TD;1;1;1;1;1;NA;NA;1;1;1;NA;NA;0;1;3;11;0.095;0.285;0;0;0;0;0;NA;1;NA;1;0;0;0;0;0;0;0;0;0;0;0;0;0;0;0
Ethan/Ethan_001121.cha;eng;Providence;CHI;12;male;.;.;.;Target_Child;.;.;long;toyplay;TD;36;34;1.118;1.176;34;NA;NA;16;41;0.39;NA;NA;0;41;76;207;0.198;0.367;0;0;0;0;0;NA;19;NA;41;0;0;0;2;0;0;0;0;0;0;0;0;0;0;1
Ethan/Ethan_010006.cha;eng;Providence;CHI;12;male;.;.;.;Target_Child;.;.;long;toyplay;TD;12;10;1.1;1.1;10;NA;NA;10;13;0.769;NA;NA;0.167;13;109;287;0.045;0.379;0;0;0;0;0;NA;9;NA;13;0;0;0;0;0;0;0;0;0;0;0;0;0;0;0
Ethan/Ethan_010021.cha;eng;Providence;CHI;13;male;.;.;.;Target_Child;.;.;long;toyplay;TD;182;156;1.353;1.404;50;1.4;1.44;44;239;0.184;31;7.98;0.071;237;261;646;0.367;0.404;0;0;0;0;3;NA;50;6;239;0;0;0;1;1;0;0;12;0;0;0;0;1;1;5
Ethan/Ethan_010105.cha;eng;Providence;CHI;13;male;.;.;.;Target_Child;.;.;long;toyplay;TD;172;161;1.118;1.161;50;1.12;1.18;47;191;0.246;32;12.51;0.023;191;279;788;0.242;0.354;0;0;0;0;0;NA;50;6;191;0;0;0;5;0;0;0;3;0;0;0;0;0;0;2
Ethan/Ethan_010117.cha;eng;Providence;CHI;14;male;.;.;.;Target_Child;.;.;long;toyplay;TD;130;119;1.05;1.168;50;1.08;1.24;39;137;0.285;31;11.88;0.008;137;628;885;0.155;0.71;0;0;0;0;0;NA;47;NA;137;0;0;2;8;0;0;0;1;0;0;0;0;0;0;3
Ethan/Ethan_010201.cha;eng;Providence;CHI;14;male;.;.;.;Target_Child;.;.;long;toyplay;TD;115;114;1.035;1.175;50;1.02;1.16;33;120;0.275;29;7.85;0.052;120;325;1068;0.112;0.304;0;0;0;0;0;NA;35;NA;120;0;0;0;4;5;0;0;0;0;0;0;0;0;0;2
Ethan/Ethan_010218.cha;eng;Providence;CHI;15;male;.;.;.;Target_Child;.;.;long;toyplay;TD;293;285;1.06;1.179;50;1.02;1.14;94;310;0.303;30;35.31;0.034;310;585;1301;0.238;0.45;0;0;0;0;0;NA;50;4;310;4;10;3;19;2;0;0;1;0;0;0;0;0;0;6
Ethan/Ethan_010228.cha;eng;Providence;CHI;15;male;.;.;.;Target_Child;.;.;long;toyplay;TD;337;306;1.183;1.255;50;1.18;1.34;126;399;0.316;39;46.97;0.059;397;509;1718;0.231;0.296;0;0;0;0;5;NA;50;9;399;2;1;1;4;0;0;0;6;0;0;0;0;1;1;7
Ethan/Ethan_010315.cha;eng;Providence;CHI;16;male;.;.;.;Target_Child;.;.;long;toyplay;TD;454;399;1.471;1.584;50;1.6;1.8;155;656;0.236;42;57.53;0.123;656;659;2132;0.308;0.309;0;0;0;0;23;NA;50;17;656;12;3;2;16;1;2;1;4;0;2;0;0;0;0;9
Ethan/Ethan_010400.cha;eng;Providence;CHI;16;male;.;.;.;Target_Child;.;.;long;toyplay;TD;464;418;1.529;1.629;50;1.38;1.44;171;713;0.24;47;60.35;0.116;711;625;2057;0.346;0.304;0;0;0;0;23;NA;50;11;713;1;1;1;20;16;0;1;7;0;2;0;0;0;0;8
Ethan/Ethan_010411.cha;eng;Providence;CHI;16;male;.;.;.;Target_Child;.;.;long;toyplay;TD;343;277;1.736;1.903;50;1.52;1.66;130;590;0.22;35;40.63;0.134;589;503;1995;0.295;0.252;0;0;0;0;26;NA;50;10;590;3;15;0;22;8;0;0;8;7;1;0;1;0;1;9
Ethan/Ethan_010426.cha;eng;Providence;CHI;17;male;.;.;.;Target_Child;.;.;long;toyplay;TD;244;202;1.589;1.911;50;1.48;1.76;130;379;0.343;47;46.08;0.078;377;359;1274;0.296;0.282;0;0;0;0;16;NA;50;16;379;14;1;13;37;0;0;0;9;0;2;1;0;1;1;9
Ethan/Ethan_010517.cha;eng;Providence;CHI;18;male;.;.;.;Target_Child;.;.;long;toyplay;TD;417;331;1.843;2.03;50;2.1;2.22;205;771;0.266;36;91.63;0.211;769;592;2158;0.356;0.274;0;0;0;0;37;NA;50;15;771;8;6;17;33;6;1;2;8;0;2;0;0;1;0;10
Ethan/Ethan_010602.cha;eng;Providence;CHI;18;male;.;.;.;Target_Child;.;.;long;toyplay;TD;214;178;1.764;1.865;50;1.84;1.96;114;371;0.307;42;63.55;0.196;370;693;1751;0.211;0.396;0;0;0;0;16;NA;50;20;371;0;0;4;3;2;1;0;12;1;0;1;1;1;0;9
Ethan/Ethan_010620.cha;eng;Providence;CHI;19;male;.;.;.;Target_Child;.;.;long;toyplay;TD;583;496;2.012;2.306;50;1.94;2.38;245;1161;0.211;50;86.47;0.178;1161;769;2088;0.556;0.368;0;0;0;0;49;NA;50;26;1161;18;34;9;65;2;8;6;43;22;5;0;0;0;0;10
Ethan/Ethan_010700.cha;eng;Providence;CHI;19;male;.;.;.;Target_Child;.;.;long;toyplay;TD;335;272;2.202;2.379;50;1.7;1.8;177;727;0.243;43;62.35;0.233;718;514;1999;0.359;0.257;0;0;0;0;47;NA;50;24;727;4;11;38;11;5;2;1;62;1;3;0;1;6;1;13
Ethan/Ethan_010714.cha;eng;Providence;CHI;19;male;.;.;.;Target_Child;.;.;long;toyplay;TD;332;287;2.063;2.443;50;2.18;2.56;204;701;0.291;37;59.47;0.28;672;444;1968;0.341;0.226;0;0;0;3;50;6.12;50;23;701;8;15;1;44;3;3;0;19;0;8;0;1;14;15;11
Ethan/Ethan_010726.cha;eng;Providence;CHI;20;male;.;.;.;Target_Child;.;.;long;toyplay;TD;360;280;1.886;2.064;50;2.14;2.4;203;703;0.289;44;73.84;0.336;687;455;1900;0.362;0.239;0;0;0;0;50;3.82;50;26;703;16;7;10;13;6;0;7;43;1;2;0;2;16;0;11
Ethan/Ethan_010804.cha;eng;Providence;CHI;20;male;.;.;.;Target_Child;.;.;long;toyplay;TD;339;214;2.154;2.621;50;2;2.44;194;741;0.262;50;58.51;0.348;719;537;2468;0.291;0.218;0;0;0;0;39;NA;50;26;741;28;14;1;28;5;0;10;28;2;9;0;4;15;1;12
Ethan/Ethan_010820.cha;eng;Providence;CHI;21;male;.;.;.;Target_Child;.;.;long;toyplay;TD;202;94;2.053;2.34;50;1.98;2.3;178;446;0.399;64;78.64;0.297;445;284;1837;0.242;0.155;0;0;0;12;20;NA;50;36;446;14;4;3;15;7;1;2;24;0;3;1;3;8;2;13
Ethan/Ethan_010904.cha;eng;Providence;CHI;21;male;.;.;.;Target_Child;.;.;long;toyplay;TD;151;97;2.557;2.866;50;2.4;2.68;167;393;0.425;47;61.46;0.404;384;196;1159;0.331;0.169;0;0;0;0;28;NA;50;31;393;4;5;2;17;6;1;6;46;3;5;0;3;8;0;12
Ethan/Ethan_010918.cha;eng;Providence;CHI;22;male;.;.;.;Target_Child;.;.;long;toyplay;TD;36;18;2.611;2.778;18;NA;NA;52;100;0.52;52;31.36;0.417;99;54;286;0.346;0.189;0;0;0;0;1;NA;34;NA;100;2;0;3;2;0;0;1;5;0;0;0;0;0;0;5
Ethan/Ethan_010926.cha;eng;Providence;CHI;22;male;.;.;.;Target_Child;.;.;long;toyplay;TD;288;168;2.583;2.982;50;2.72;3.22;243;805;0.302;44;56.17;0.497;767;434;2136;0.359;0.203;0;0;0;0;50;6.64;50;35;805;21;13;10;17;14;1;18;72;1;18;0;1;29;1;13
Ethan/Ethan_011011.cha;eng;Providence;CHI;22;male;.;.;.;Target_Child;.;.;long;toyplay;TD;331;167;3.06;3.623;50;3.26;3.96;272;1055;0.258;44;45.16;0.644;988;462;1954;0.506;0.236;1;0;0;0;50;5.62;50;33;1055;30;14;5;29;31;3;14;94;10;9;3;5;39;18;14
Ethan/Ethan_011023.cha;eng;Providence;CHI;23;male;.;.;.;Target_Child;.;.;long;toyplay;TD;301;150;2.62;2.853;50;2.58;2.82;235;916;0.257;52;59.73;0.581;885;445;1376;0.643;0.323;0;0;0;0;44;NA;50;37;916;13;4;13;6;17;0;18;98;3;5;5;7;19;3;13
Ethan/Ethan_011110.cha;eng;Providence;CHI;23;male;.;.;.;Target_Child;.;.;long;toyplay;TD;186;122;2.902;3.279;50;3.18;3.62;166;561;0.296;49;49.6;0.522;546;263;1117;0.489;0.235;0;0;0;0;46;NA;50;31;561;3;9;3;9;9;1;3;67;6;8;1;7;7;1;14
Ethan/Ethan_011121.cha;eng;Providence;CHI;24;male;.;.;.;Target_Child;.;.;long;toyplay;TD;274;178;2.803;3.326;50;2.72;3.14;219;782;0.28;54;62.53;0.46;751;452;1956;0.384;0.231;0;0;0;0;50;7.2;50;33;782;17;5;4;15;21;3;13;74;4;12;0;3;16;6;13
Ethan/Ethan_020007.cha;eng;Providence;CHI;24;male;.;.;.;Target_Child;.;.;long;toyplay;TD;100;72;2.694;3.014;50;2.46;2.68;83;272;0.305;36;25.49;0.53;258;161;774;0.333;0.208;0;0;0;0;23;NA;50;26;272;1;1;4;2;4;0;3;28;0;3;0;6;13;0;10
Ethan/Ethan_020025.cha;eng;Providence;CHI;25;male;.;.;.;Target_Child;.;.;long;toyplay;TD;246;113;2.593;2.929;50;2.2;2.38;191;638;0.299;54;66.04;0.35;627;360;1701;0.369;0.212;0;0;0;0;25;NA;50;33;638;16;10;15;13;5;0;13;55;0;8;1;8;7;2;12
Ethan/Ethan_020122.cha;eng;Providence;CHI;26;male;.;.;.;Target_Child;.;.;long;toyplay;TD;292;148;3.412;4.02;50;3.28;3.72;228;1056;0.216;46;40.51;0.668;978;510;2238;0.437;0.228;0;0;0;0;50;5.82;50;51;1056;33;6;10;21;35;2;27;85;9;19;6;11;34;21;14
Ethan/Ethan_020208.cha;eng;Providence;CHI;26;male;.;.;.;Target_Child;.;.;long;toyplay;TD;183;117;2.513;2.94;50;2.56;3.06;161;468;0.344;52;56.35;0.503;431;322;918;0.47;0.351;0;0;0;0;37;NA;50;32;468;14;5;4;8;8;1;13;30;3;1;0;3;11;14;13
Ethan/Ethan_020222.cha;eng;Providence;CHI;27;male;.;.;.;Target_Child;.;.;long;toyplay;TD;253;164;3.134;3.634;50;2.8;3.14;169;766;0.221;49;48.83;0.534;721;481;1395;0.517;0.345;0;0;0;0;50;6.96;50;36;766;12;11;0;27;33;0;28;59;2;8;2;1;21;9;12
Ethan/Ethan_020319.cha;eng;Providence;CHI;28;male;.;.;.;Target_Child;.;.;long;toyplay;TD;218;138;2.681;3.196;50;2.94;3.42;186;590;0.315;52;70.28;0.482;560;425;1091;0.513;0.39;0;0;0;0;50;5.26;50;35;590;8;8;7;30;8;0;9;28;6;7;1;4;23;3;13
Ethan/Ethan_020402.cha;eng;Providence;CHI;28;male;.;.;.;Target_Child;.;.;long;toyplay;TD;280;161;3.64;4.143;50;2.94;3.4;283;1076;0.263;50;69.45;0.707;1023;466;1423;0.719;0.327;0;0;0;0;50;8.28;50;44;1076;22;13;4;16;37;2;16;81;11;11;3;5;29;9;14
Ethan/Ethan_020419.cha;eng;Providence;CHI;29;male;.;.;.;Target_Child;.;.;long;toyplay;TD;306;193;2.99;3.497;50;2.94;3.4;247;961;0.257;52;49.94;0.693;892;467;1856;0.481;0.252;0;0;0;0;50;6;50;41;961;21;5;4;5;22;1;24;54;3;12;11;5;34;17;14
Ethan/Ethan_020500.cha;eng;Providence;CHI;29;male;.;.;.;Target_Child;.;.;long;toyplay;TD;309;175;3.2;3.674;50;3;3.4;233;1023;0.228;49;53.53;0.667;958;482;1558;0.615;0.309;0;0;0;0;50;8.06;50;37;1023;17;5;6;28;19;1;21;75;5;12;12;7;41;10;14
Ethan/Ethan_020515.cha;eng;Providence;CHI;30;male;.;.;.;Target_Child;.;.;long;toyplay;TD;279;178;3.174;3.68;50;3.24;3.92;243;894;0.272;47;64.44;0.595;834;536;1633;0.511;0.328;0;0;0;0;50;6.08;50;37;894;15;8;6;15;25;4;27;75;9;3;12;2;29;8;14
Ethan/Ethan_020526.cha;eng;Providence;CHI;30;male;.;.;.;Target_Child;.;.;long;toyplay;TD;214;155;3.155;3.755;50;3.14;3.64;207;725;0.286;52;59.75;0.603;670;283;1244;0.538;0.227;0;0;0;0;50;6.82;50;44;725;16;8;1;20;15;8;11;39;5;5;8;11;26;10;14
Ethan/Ethan_020611.cha;eng;Providence;CHI;30;male;.;.;.;Target_Child;.;.;long;toyplay;TD;288;141;3.362;3.723;50;3.56;3.8;233;935;0.249;24;57.43;0.597;890;519;1912;0.465;0.271;0;0;0;0;50;5.5;50;45;935;13;9;6;18;20;0;14;71;10;6;3;2;31;7;13
Ethan/Ethan_020624.cha;eng;Providence;CHI;31;male;.;.;.;Target_Child;.;.;long;toyplay;TD;221;121;3.298;3.678;50;2.98;3.34;237;748;0.317;60;77.02;0.525;731;328;1136;0.643;0.289;0;0;0;3;45;NA;50;44;748;19;13;8;14;20;0;11;59;3;8;3;9;8;6;13
Ethan/Ethan_020709.cha;eng;Providence;CHI;31;male;.;.;.;Target_Child;.;.;long;toyplay;TD;297;227;2.912;3.282;50;3.16;3.7;265;927;0.286;63;67.07;0.569;890;469;1574;0.565;0.298;1;0;0;0;50;6.42;50;49;927;15;11;5;26;17;3;29;73;3;5;1;6;27;3;14
Ethan/Ethan_020725.cha;eng;Providence;CHI;32;male;.;.;.;Target_Child;.;.;long;toyplay;TD;310;199;3.191;3.749;50;2.94;3.36;271;1018;0.266;50;70.38;0.635;968;440;1281;0.756;0.343;0;0;0;0;50;5.78;50;40;1018;11;14;8;31;16;1;14;66;21;13;3;7;26;12;14
Ethan/Ethan_020810.cha;eng;Providence;CHI;32;male;.;.;.;Target_Child;.;.;long;toyplay;TD;330;246;2.524;2.862;50;2.12;2.48;235;908;0.259;53;64.04;0.491;856;571;1482;0.577;0.385;0;0;0;0;50;6.7;50;37;908;9;6;7;15;9;2;17;57;6;9;7;3;40;2;14
Ethan/Ethan_020900.cha;eng;Providence;CHI;33;male;.;.;.;Target_Child;.;.;long;toyplay;TD;504;341;3.557;4.038;50;3.42;3.78;323;1795;0.18;51;45.02;0.667;1695;631;2065;0.821;0.306;1;0;0;0;50;7.66;50;45;1795;28;21;6;37;38;2;62;146;6;22;40;21;64;24;14
Ethan/Ethan_020907.cha;eng;Providence;CHI;33;male;.;.;.;Target_Child;.;.;long;toyplay;TD;339;163;3.356;3.773;50;3.06;3.42;235;1120;0.21;52;49.92;0.652;1078;580;1861;0.579;0.312;1;0;0;0;50;5.48;50;40;1120;13;19;25;20;23;1;18;90;4;23;15;14;25;8;14
Ethan/Ethan_020920.cha;eng;Providence;CHI;34;male;.;.;.;Target_Child;.;.;long;toyplay;TD;347;158;3.557;4.222;50;3.1;3.68;291;1197;0.243;45;62.07;0.628;1137;537;2116;0.537;0.254;0;0;0;1;50;7.98;50;49;1197;50;21;14;20;23;0;20;99;12;21;9;7;35;23;13
Ethan/Ethan_021005.cha;eng;Providence;CHI;34;male;.;.;.;Target_Child;.;.;long;toyplay;TD;445;197;3.264;3.772;50;2.94;3.6;276;1435;0.192;49;42.83;0.575;1374;765;2267;0.606;0.338;0;0;0;0;50;6.64;50;29;1435;65;1;8;19;29;8;24;174;8;7;10;17;29;17;14
Ethan/Ethan_021018.cha;eng;Providence;CHI;35;male;.;.;.;Target_Child;.;.;long;toyplay;TD;371;192;3.271;3.859;50;2.64;3.2;244;1209;0.202;53;54.87;0.606;1132;550;2088;0.542;0.263;0;0;0;0;50;6.12;50;28;1209;24;3;5;31;9;11;19;91;4;9;7;7;56;11;14
Ethan/Ethan_021101.cha;eng;Providence;CHI;35;male;.;.;.;Target_Child;.;.;long;toyplay;TD;320;160;2.944;3.525;50;2.92;3.58;265;935;0.283;58;68.82;0.553;880;521;1867;0.471;0.279;0;0;0;1;50;5.4;50;35;935;22;1;5;32;9;1;22;72;8;7;10;3;41;9;14
Lily/Lily_010102.cha;eng;Providence;CHI;13;female;.;.;.;Target_Child;.;.;long;toyplay;TD;37;37;1;1.514;37;NA;NA;12;37;0.324;NA;NA;0.054;37;148;236;0.157;0.627;0;0;0;0;0;NA;11;NA;37;0;0;0;0;0;0;0;0;0;0;0;0;0;0;0
Lily/Lily_010117.cha;eng;Providence;CHI;14;female;.;.;.;Target_Child;.;.;long;toyplay;TD;70;67;1;1.149;50;1;1.2;19;70;0.271;NA;5.64;0.043;70;292;564;0.124;0.518;0;0;0;0;0;NA;21;NA;70;0;0;0;0;0;0;0;0;0;0;0;0;0;0;0
Lily/Lily_010202.cha;eng;Providence;CHI;14;female;.;.;.;Target_Child;.;.;long;toyplay;TD;23;23;1;1.304;23;NA;NA;12;23;0.522;NA;NA;0;23;233;510;0.045;0.457;0;0;0;0;0;NA;11;NA;23;0;0;0;0;0;0;0;0;0;0;0;0;0;0;0
Lily/Lily_010213.cha;eng;Providence;CHI;14;female;.;.;.;Target_Child;.;.;long;toyplay;TD;20;20;1;1.25;20;NA;NA;12;20;0.6;NA;NA;0;20;180;441;0.045;0.408;0;0;0;0;0;NA;12;NA;20;0;0;0;0;0;0;0;0;0;0;0;0;0;0;0
Lily/Lily_010228.cha;eng;Providence;CHI;15;female;.;.;.;Target_Child;.;.;long;toyplay;TD;8;7;2;2.429;7;NA;NA;13;16;0.812;NA;NA;0.25;15;478;956;0.016;0.5;0;0;0;0;1;NA;6;NA;16;0;0;0;0;0;0;1;1;0;0;0;0;0;0;2
Lily/Lily_010313.cha;eng;Providence;CHI;15;female;.;.;.;Target_Child;.;.;long;toyplay;TD;0;0;0;0;0;0;0;0;0;0;0;0;0;0;0;0;0;0;0;0;0;0;0;0;0;0;0;0;0;0;0;0;0;0;0;0;0;0;0;0;0;0
;;;;;;;;;;;;;;;;;;;;;;;;;;;;;;;;;;;;;;;;;;;;;;;;;;;;;;;;
Lily/Lily_010323.cha;eng;Providence;CHI;16;female;.;.;.;Target_Child;.;.;long;toyplay;TD;18;17;1;1.176;17;NA;NA;7;18;0.389;NA;NA;0;18;389;937;0.019;0.415;0;0;0;0;0;NA;6;NA;18;0;0;0;0;0;0;0;0;0;0;0;0;0;0;0
Lily/Lily_010326.cha;eng;Providence;CHI;16;female;.;.;.;Target_Child;.;.;long;toyplay;TD;5;5;1;1;5;NA;NA;4;5;0.8;NA;NA;0;5;731;1246;0.004;0.587;0;0;0;0;0;NA;3;NA;5;0;0;0;0;0;0;0;0;0;0;0;0;0;0;0
Lily/Lily_010423.cha;eng;Providence;CHI;17;female;.;.;.;Target_Child;.;.;long;toyplay;TD;30;27;1.111;1.222;27;NA;NA;10;33;0.303;NA;NA;0.033;33;380;935;0.035;0.407;0;0;0;0;1;NA;7;NA;33;0;0;0;0;0;0;0;0;0;0;0;0;0;0;0
Lily/Lily_010508.cha;eng;Providence;CHI;17;female;.;.;.;Target_Child;.;.;long;toyplay;TD;39;39;1.103;1.333;39;NA;NA;12;43;0.279;NA;NA;0.051;43;476;1216;0.035;0.391;0;0;0;0;1;NA;10;NA;43;0;0;0;0;0;0;0;0;0;0;0;0;0;0;0
Lily/Lily_010521.cha;eng;Providence;CHI;18;female;.;.;.;Target_Child;.;.;long;toyplay;TD;52;50;1.04;1.34;50;1.04;1.34;21;54;0.389;NA;6.93;0.038;54;533;1198;0.045;0.445;0;0;0;0;1;NA;18;NA;54;0;0;0;0;0;0;0;1;0;0;0;0;0;0;1
Lily/Lily_010611.cha;eng;Providence;CHI;18;female;.;.;.;Target_Child;.;.;long;toyplay;TD;61;58;1.155;1.328;50;1.18;1.38;18;70;0.257;NA;3.55;0.213;70;658;1641;0.043;0.401;0;0;0;0;1;NA;20;NA;70;0;0;0;0;0;0;0;0;0;0;0;0;0;0;0
Lily/Lily_010618.cha;eng;Providence;CHI;19;female;.;.;.;Target_Child;.;.;long;toyplay;TD;109;97;1.32;1.464;50;1.3;1.5;40;146;0.274;35;13.35;0.101;141;563;1461;0.097;0.385;0;0;0;0;3;NA;35;NA;146;0;0;0;0;0;0;0;4;0;0;0;0;1;3;3
Lily/Lily_010701.cha;eng;Providence;CHI;19;female;.;.;.;Target_Child;.;.;long;toyplay;TD;68;65;1.031;1.138;50;1.04;1.16;25;71;0.352;NA;8.52;0.015;70;463;1049;0.067;0.441;0;0;0;0;1;NA;24;NA;71;0;0;0;2;0;0;0;0;0;0;0;0;1;0;2
Lily/Lily_010719.cha;eng;Providence;CHI;20;female;.;.;.;Target_Child;.;.;long;toyplay;TD;287;270;1.07;1.159;50;1.04;1.1;89;308;0.289;54;45.11;0.052;306;656;1652;0.185;0.397;0;0;0;0;3;NA;50;4;308;0;0;0;9;2;0;0;1;0;1;0;1;1;1;7
Lily/Lily_010803.cha;eng;Providence;CHI;20;female;.;.;.;Target_Child;.;.;long;toyplay;TD;234;151;1.046;1.166;50;1.02;1.22;75;271;0.277;46;21.79;0.017;269;624;1774;0.152;0.352;0;0;0;0;0;NA;50;8;271;0;0;0;14;0;0;1;2;0;0;0;0;2;0;4
Lily/Lily_010814.cha;eng;Providence;CHI;20;female;.;.;.;Target_Child;.;.;long;toyplay;TD;421;248;1.157;1.274;50;1;1.22;111;553;0.201;59;35.2;0.038;553;651;1833;0.302;0.355;0;0;0;0;2;NA;50;4;553;1;0;2;42;0;2;0;1;0;7;0;0;0;0;6
Lily/Lily_010827.cha;eng;Providence;CHI;21;female;.;.;.;Target_Child;.;.;long;toyplay;TD;328;207;1.309;1.498;50;1.14;1.52;152;448;0.339;70;69.73;0.055;445;528;1528;0.291;0.346;0;0;0;0;3;NA;50;9;448;0;1;0;35;0;2;1;29;0;3;0;0;2;1;8
Lily/Lily_010912.cha;eng;Providence;CHI;21;female;.;.;.;Target_Child;.;.;long;toyplay;TD;331;225;1.209;1.458;50;1.06;1.34;157;425;0.369;71;65.53;0.048;421;549;1653;0.255;0.332;0;0;0;0;2;NA;50;7;425;0;0;0;46;1;9;1;12;0;4;0;0;2;2;8
Lily/Lily_010925.cha;eng;Providence;CHI;22;female;.;.;.;Target_Child;.;.;long;toyplay;TD;368;242;1.525;1.649;50;1.5;1.56;166;611;0.272;35;50.03;0.082;604;572;2053;0.294;0.279;0;0;0;0;12;NA;50;17;611;2;0;0;16;1;4;2;26;0;7;0;1;6;1;10
Lily/Lily_011009.cha;eng;Providence;CHI;22;female;.;.;.;Target_Child;.;.;long;toyplay;TD;456;360;1.883;2.139;50;2;2.22;210;945;0.222;39;31.37;0.197;901;630;1776;0.507;0.355;7;0;0;1;44;NA;50;27;945;12;8;13;33;3;5;19;95;0;4;1;7;42;3;13
Lily/Lily_011022.cha;eng;Providence;CHI;23;female;.;.;.;Target_Child;.;.;long;toyplay;TD;430;331;1.888;2.133;50;2.32;2.6;228;898;0.254;34;41.75;0.244;838;595;2067;0.405;0.288;0;0;0;0;50;4.2;50;30;898;7;8;7;23;5;6;2;38;0;10;1;0;58;1;12
Lily/Lily_011107.cha;eng;Providence;CHI;23;female;.;.;.;Target_Child;.;.;long;toyplay;TD;350;283;1.961;2.124;50;1.64;1.68;223;820;0.272;32;30.52;0.137;803;429;1264;0.635;0.339;0;0;0;0;20;NA;50;33;820;7;16;11;13;3;1;1;123;2;3;8;3;14;1;14
Lily/Lily_011126.cha;eng;Providence;CHI;24;female;.;.;.;Target_Child;.;.;long;toyplay;TD;511;418;1.835;2.043;50;1.82;2.04;250;1013;0.247;54;47.04;0.241;965;652;1667;0.579;0.391;0;0;0;0;50;4.92;50;25;1013;4;11;5;15;2;9;11;86;4;4;3;4;32;3;14
Lily/Lily_020004.cha;eng;Providence;CHI;24;female;.;.;.;Target_Child;.;.;long;toyplay;TD;335;283;2.032;2.272;50;1.86;2.08;195;722;0.27;56;48.97;0.242;688;459;1611;0.427;0.285;0;0;0;0;49;NA;50;21;722;7;3;6;23;6;3;7;58;2;6;1;0;28;5;13
Lily/Lily_020011.cha;eng;Providence;CHI;24;female;.;.;.;Target_Child;.;.;long;toyplay;TD;475;373;2.046;2.26;50;2.34;2.52;305;1027;0.297;55;51.53;0.24;1005;667;2318;0.433;0.288;0;0;0;0;50;4.66;50;32;1027;12;8;2;29;4;6;16;134;3;10;2;6;18;1;14
Lily/Lily_020023.cha;eng;Providence;CHI;25;female;.;.;.;Target_Child;.;.;long;toyplay;TD;434;344;2.093;2.323;50;2.24;2.48;270;966;0.28;60;45.19;0.217;936;505;1476;0.634;0.342;0;0;0;0;50;4.86;50;34;966;9;5;6;27;8;2;11;108;1;3;0;3;24;2;13
Lily/Lily_020101.cha;eng;Providence;CHI;25;female;.;.;.;Target_Child;.;.;long;toyplay;TD;337;248;2.145;2.327;50;2.54;2.68;248;799;0.31;63;60.12;0.329;768;426;1261;0.609;0.338;0;0;0;0;40;NA;50;40;799;6;3;4;24;9;1;8;47;1;2;0;1;10;1;13
Lily/Lily_020108.cha;eng;Providence;CHI;25;female;.;.;.;Target_Child;.;.;long;toyplay;TD;338;275;2.015;2.218;50;2.32;2.62;211;726;0.291;43;41.81;0.213;703;431;1217;0.578;0.354;0;0;0;0;45;NA;50;35;726;7;5;8;23;0;5;15;85;3;7;0;2;19;2;12
Lily/Lily_020115.cha;eng;Providence;CHI;26;female;.;.;.;Target_Child;.;.;long;toyplay;TD;428;347;2.568;2.836;50;2.2;2.5;302;1219;0.248;53;52.96;0.348;1180;495;1504;0.784;0.329;0;0;0;0;50;6.16;50;37;1219;35;18;12;24;18;1;12;73;1;9;8;8;17;12;14
Lily/Lily_020123.cha;eng;Providence;CHI;26;female;.;.;.;Target_Child;.;.;long;toyplay;TD;361;306;2.399;2.627;50;2.36;2.74;272;894;0.304;43;48.59;0.244;875;443;1326;0.66;0.334;0;0;0;0;48;NA;50;39;894;12;2;10;36;4;0;7;41;0;2;2;0;8;6;11
Lily/Lily_020201.cha;eng;Providence;CHI;26;female;.;.;.;Target_Child;.;.;long;toyplay;TD;430;379;2.187;2.375;50;2.3;2.58;253;1003;0.252;46;37.67;0.295;976;489;1224;0.798;0.4;0;0;0;0;50;6.64;50;20;1003;12;6;7;18;6;3;25;75;1;7;1;1;16;2;14
Lily/Lily_020215a.cha;eng;Providence;CHI;27;female;.;.;.;Target_Child;.;.;long;toyplay;TD;306;234;2.474;2.782;50;2.14;2.52;236;941;0.251;48;38.91;0.425;895;391;1330;0.673;0.294;0;0;0;0;50;7.1;50;27;941;10;15;4;25;3;5;17;45;2;1;8;9;36;6;14
Lily/Lily_020215b.cha;eng;Providence;CHI;27;female;.;.;.;Target_Child;.;.;long;toyplay;TD;371;300;2.773;3.077;50;2.4;2.68;233;1146;0.203;52;40.52;0.491;1096;451;1613;0.68;0.28;0;0;0;0;50;7.54;50;36;1146;6;8;6;18;24;6;20;57;6;11;1;4;48;1;14
Lily/Lily_020227.cha;eng;Providence;CHI;27;female;.;.;.;Target_Child;.;.;long;toyplay;TD;320;262;3.042;3.492;50;3.34;3.66;234;1139;0.205;52;35.84;0.606;1045;358;1086;0.962;0.33;0;0;0;0;50;6.72;50;44;1139;12;10;1;17;5;2;17;98;9;11;22;4;80;11;14
Lily/Lily_020305.cha;eng;Providence;CHI;27;female;.;.;.;Target_Child;.;.;long;toyplay;TD;312;258;2.721;3.023;50;2.46;2.88;192;979;0.196;46;31.62;0.542;917;365;1264;0.725;0.289;0;0;0;0;50;7.5;50;38;979;6;3;7;15;16;3;21;46;1;5;4;2;40;2;14
Lily/Lily_020317.cha;eng;Providence;CHI;28;female;.;.;.;Target_Child;.;.;long;toyplay;TD;394;340;3.288;3.679;50;3.46;3.7;264;1466;0.18;42;37.94;0.538;1389;467;1593;0.872;0.293;0;0;0;0;50;6.74;50;40;1466;17;14;12;39;28;6;31;80;8;2;24;18;57;2;14
Lily/Lily_020402.cha;eng;Providence;CHI;28;female;.;.;.;Target_Child;.;.;long;toyplay;TD;364;331;2.949;3.396;50;2.58;3.18;241;1150;0.21;44;31.79;0.577;1068;414;1451;0.736;0.285;0;0;0;0;50;5.4;50;34;1150;4;27;4;28;5;0;50;112;2;21;3;3;71;4;13
Lily/Lily_020409.cha;eng;Providence;CHI;28;female;.;.;.;Target_Child;.;.;long;toyplay;TD;429;362;3.014;3.334;50;3.5;4.04;342;1463;0.234;42;49.02;0.66;1379;479;1533;0.899;0.312;0;0;0;0;50;7.14;50;39;1463;16;8;9;23;19;5;38;82;4;15;7;5;58;6;14
Lily/Lily_020416.cha;eng;Providence;CHI;29;female;.;.;.;Target_Child;.;.;long;toyplay;TD;319;293;3.58;4.099;50;3.46;4.12;216;1239;0.174;47;31.72;0.768;1158;351;1421;0.815;0.247;2;0;0;0;50;8.48;50;46;1239;32;7;5;39;19;0;65;95;5;3;1;8;54;20;13
Lily/Lily_020428.cha;eng;Providence;CHI;29;female;.;.;.;Target_Child;.;.;long;toyplay;TD;379;326;3.285;3.816;50;3.44;3.84;264;1414;0.187;48;33.63;0.633;1308;479;1898;0.689;0.252;0;0;0;0;50;7.74;50;49;1414;41;6;8;26;34;0;32;79;12;7;1;19;60;28;13
Lily/Lily_020506.cha;eng;Providence;CHI;29;female;.;.;.;Target_Child;.;.;long;toyplay;TD;299;238;3.496;3.941;50;3.54;4.1;241;1197;0.201;44;41.89;0.659;1131;353;1630;0.694;0.217;1;0;0;0;50;7.82;50;46;1197;18;2;8;19;10;3;31;53;1;5;2;8;45;13;14
Lily/Lily_020518.cha;eng;Providence;CHI;30;female;.;.;.;Target_Child;.;.;long;toyplay;TD;433;401;3.115;3.676;50;2.24;2.82;309;1488;0.208;41;42.09;0.61;1372;478;1792;0.766;0.267;0;0;0;0;50;8.04;50;28;1488;47;12;8;31;23;4;26;86;7;7;6;12;78;25;14
Lily/Lily_020526.cha;eng;Providence;CHI;30;female;.;.;.;Target_Child;.;.;long;toyplay;TD;493;454;2.729;3.156;50;2.14;2.52;263;1469;0.179;52;32.23;0.544;1359;526;1409;0.965;0.373;0;0;0;0;50;6.94;50;35;1469;27;9;12;30;14;0;40;82;4;20;11;3;57;23;13
Lily/Lily_020604.cha;eng;Providence;CHI;30;female;.;.;.;Target_Child;.;.;long;toyplay;TD;480;385;2.8;3.182;50;2.78;3.14;305;1468;0.208;40;38.56;0.606;1372;590;1534;0.895;0.385;0;0;0;6;50;6.34;50;26;1468;29;5;20;14;22;2;34;81;12;18;4;1;49;19;14
Lily/Lily_020612.cha;eng;Providence;CHI;30;female;.;.;.;Target_Child;.;.;long;toyplay;TD;376;315;2.81;3.146;50;2.86;3.28;262;1216;0.215;62;45.99;0.561;1164;446;1185;0.982;0.376;1;0;0;14;50;8.08;50;38;1216;26;12;6;26;19;1;44;70;2;8;17;11;35;15;14
Lily/Lily_020618.cha;eng;Providence;CHI;31;female;.;.;.;Target_Child;.;.;long;toyplay;TD;173;145;2.834;3.145;50;3.42;3.94;137;545;0.251;42;36.17;0.532;516;214;685;0.753;0.312;0;0;0;0;40;NA;50;46;545;16;1;0;2;7;1;2;24;8;3;2;2;7;10;13
Lily/Lily_020623.cha;eng;Providence;CHI;31;female;.;.;.;Target_Child;.;.;long;toyplay;TD;387;352;3.009;3.372;50;2.4;2.62;234;1298;0.18;49;30.25;0.695;1208;455;1262;0.958;0.361;0;0;0;0;50;6.88;50;42;1298;17;10;5;18;8;1;67;87;4;5;2;4;56;15;14
Lily/Lily_020700.cha;eng;Providence;CHI;31;female;.;.;.;Target_Child;.;.;long;toyplay;TD;577;470;4.121;4.543;50;3.62;3.82;394;2742;0.144;59;58.63;0.764;2652;699;2595;1.022;0.269;0;0;0;16;50;11.48;50;53;2742;36;48;14;37;123;6;76;178;26;9;13;36;41;12;14
Lily/Lily_020701.cha;eng;Providence;CHI;31;female;.;.;.;Target_Child;.;.;long;toyplay;TD;321;276;3.069;3.438;50;4.72;5.44;256;1166;0.22;43;46.67;0.611;1111;365;1123;0.99;0.325;0;0;0;0;50;11.14;50;59;1166;11;9;2;24;14;3;13;49;0;12;8;8;27;7;13
Lily/Lily_020716.cha;eng;Providence;CHI;32;female;.;.;.;Target_Child;.;.;long;toyplay;TD;389;341;3.088;3.592;50;3.98;4.68;268;1380;0.194;59;40.48;0.617;1289;465;1531;0.842;0.304;0;0;0;7;50;7.78;50;49;1380;20;8;4;31;30;1;52;73;4;3;0;8;48;12;13
Lily/Lily_020721.cha;eng;Providence;CHI;32;female;.;.;.;Target_Child;.;.;long;toyplay;TD;498;444;2.338;2.669;50;2.4;2.7;291;1296;0.225;51;42.62;0.426;1194;678;1716;0.696;0.395;0;0;0;0;50;7.44;50;42;1296;16;9;6;29;30;2;40;63;7;3;4;9;62;10;14
Lily/Lily_020728.cha;eng;Providence;CHI;32;female;.;.;.;Target_Child;.;.;long;toyplay;TD;323;275;2.938;3.4;50;3.56;4.14;213;1029;0.207;38;45.38;0.542;975;379;1300;0.75;0.291;0;0;0;0;50;8.22;50;49;1029;13;5;2;47;14;2;33;55;6;1;4;4;28;7;14
Lily/Lily_020806.cha;eng;Providence;CHI;32;female;.;.;.;Target_Child;.;.;long;toyplay;TD;546;494;3.281;3.798;50;2.94;3.42;334;1998;0.167;38;54.69;0.687;1871;622;2063;0.907;0.302;1;0;0;0;50;6.6;50;38;1998;30;23;5;48;32;4;46;104;8;26;12;8;43;20;14
Lily/Lily_020813.cha;eng;Providence;CHI;32;female;.;.;.;Target_Child;.;.;long;toyplay;TD;445;379;3;3.266;50;2.86;3.1;263;1488;0.177;48;53.74;0.593;1481;514;1743;0.85;0.295;0;0;0;57;50;8.22;50;53;1488;16;19;11;25;30;0;43;77;10;14;11;8;23;10;13
Lily/Lily_020819.cha;eng;Providence;CHI;33;female;.;.;.;Target_Child;.;.;long;toyplay;TD;512;431;3.91;4.432;50;3.62;4.48;337;2156;0.156;44;64.84;0.652;2062;617;2528;0.816;0.244;0;0;0;7;50;9.38;50;58;2156;29;15;10;56;32;2;31;135;13;37;5;11;46;14;14
Lily/Lily_020904.cha;eng;Providence;CHI;33;female;.;.;.;Target_Child;.;.;long;toyplay;TD;407;379;2.792;3.216;50;2.96;3.24;276;1211;0.228;45;56.7;0.57;1137;458;1588;0.716;0.288;0;0;0;0;50;5.98;50;38;1211;24;11;10;42;19;2;27;94;3;12;10;9;32;8;14
Lily/Lily_020909.cha;eng;Providence;CHI;33;female;.;.;.;Target_Child;.;.;long;toyplay;TD;381;361;2.767;3.15;50;2.36;2.54;297;1123;0.264;65;58.76;0.499;1055;420;1472;0.717;0.285;4;0;0;0;50;7.34;50;36;1123;7;10;7;23;13;2;33;77;6;7;2;3;43;8;14
Lily/Lily_020918.cha;eng;Providence;CHI;34;female;.;.;.;Target_Child;.;.;long;toyplay;TD;198;180;3.128;3.567;50;2.96;3.38;205;669;0.306;57;50.12;0.581;629;296;999;0.63;0.296;0;0;0;0;50;11.1;50;41;669;10;3;3;8;10;6;12;44;11;6;5;5;20;6;14
Lily/Lily_020923.cha;eng;Providence;CHI;34;female;.;.;.;Target_Child;.;.;long;toyplay;TD;396;372;3.091;3.425;50;3.52;3.92;271;1309;0.207;52;58.29;0.576;1243;461;1618;0.768;0.285;0;0;0;0;50;8.68;50;54;1309;9;11;19;28;11;10;41;71;2;8;15;10;44;7;14
Lily/Lily_021008.cha;eng;Providence;CHI;34;female;.;.;.;Target_Child;.;.;long;toyplay;TD;429;375;3.52;3.904;50;2.82;3.2;353;1695;0.208;62;66.77;0.702;1618;479;1624;0.996;0.295;0;0;0;0;50;9.82;50;55;1695;19;8;16;30;52;2;58;80;21;8;10;18;38;6;14
Lily/Lily_021025.cha;eng;Providence;CHI;35;female;.;.;.;Target_Child;.;.;long;toyplay;TD;321;299;2.716;3.1;50;2.68;3.06;231;978;0.236;55;43.22;0.474;917;337;1059;0.866;0.318;0;0;0;0;50;7.1;50;50;978;21;5;0;17;13;0;20;48;5;8;4;5;21;18;12
Lily/Lily_021028.cha;eng;Providence;CHI;35;female;.;.;.;Target_Child;.;.;long;toyplay;TD;550;495;2.941;3.297;50;2.36;2.68;291;1740;0.167;60;60.54;0.511;1646;625;2075;0.793;0.301;1;0;0;0;50;7.48;50;43;1740;12;20;13;14;25;5;30;77;7;23;10;4;34;10;14
Lily/Lily_021106.cha;eng;Providence;CHI;35;female;.;.;.;Target_Child;.;.;long;toyplay;TD;597;559;3.277;3.762;50;3.62;4.36;379;2135;0.178;44;54.38;0.625;1986;660;2053;0.967;0.321;0;0;0;9;50;8.76;50;52;2135;29;15;17;39;33;7;44;130;7;22;13;7;72;22;14
Lily/Lily_021125.cha;eng;Providence;CHI;36;female;.;.;.;Target_Child;.;.;long;toyplay;TD;517;428;2.769;3.133;50;1.88;2.18;289;1556;0.186;47;51.35;0.515;1477;616;1542;0.958;0.399;0;0;0;0;50;6.46;50;46;1556;10;19;16;28;26;3;58;95;6;16;8;12;45;4;14
Lily/Lily_030003.cha;eng;Providence;CHI;36;female;.;.;.;Target_Child;.;.;long;toyplay;TD;379;317;2.946;3.227;50;2.94;3.16;199;1225;0.162;41;32.83;0.554;1151;491;1191;0.966;0.412;1;0;0;0;50;9.04;50;50;1225;17;3;7;6;17;0;27;77;1;8;45;6;43;10;13
Lily/Lily_030010.cha;eng;Providence;CHI;36;female;.;.;.;Target_Child;.;.;long;toyplay;TD;518;441;3.018;3.401;50;2.7;3.06;320;1706;0.188;50;62.57;0.546;1610;646;1663;0.968;0.388;0;0;0;0;50;7.88;50;46;1706;18;16;12;42;27;2;41;105;4;10;5;3;55;7;14
Lily/Lily_030025.cha;eng;Providence;CHI;37;female;.;.;.;Target_Child;.;.;long;toyplay;TD;353;323;2.935;3.325;50;2.42;2.7;220;1134;0.194;51;57.6;0.603;1059;442;1067;0.992;0.414;0;0;0;0;50;7.62;50;45;1134;20;8;9;21;7;3;39;68;0;11;3;3;21;11;13
Lily/Lily_030100.cha;eng;Providence;CHI;37;female;.;.;.;Target_Child;.;.;long;toyplay;TD;422;380;3.105;3.5;50;2.92;3.28;299;1397;0.214;50;64.5;0.507;1320;497;1297;1.018;0.383;0;0;0;0;50;7.16;50;42;1397;24;10;2;29;11;5;43;72;6;14;3;11;47;9;14
Lily/Lily_030121.cha;eng;Providence;CHI;38;female;.;.;.;Target_Child;.;.;long;toyplay;TD;570;517;3.346;3.855;50;3.02;3.64;367;2053;0.179;40;56.89;0.668;1896;629;1592;1.191;0.395;0;0;0;0;50;9.1;50;48;2053;42;17;24;38;65;6;53;76;4;9;7;9;65;32;14
Lily/Lily_030218.cha;eng;Providence;CHI;39;female;.;.;.;Target_Child;.;.;long;toyplay;TD;621;541;3.316;3.728;50;4.26;4.86;380;2215;0.172;49;54.29;0.538;2090;741;1731;1.207;0.428;1;0;0;0;50;8.58;50;62;2215;28;20;18;44;51;3;66;145;10;19;11;5;56;7;14
Lily/Lily_030323.cha;eng;Providence;CHI;40;female;.;.;.;Target_Child;.;.;long;toyplay;TD;515;458;2.841;3.223;50;3.24;3.56;317;1622;0.195;51;56.49;0.518;1526;603;1377;1.109;0.438;0;0;0;0;50;9.54;50;50;1622;11;13;9;24;27;2;31;64;4;12;5;5;32;8;14
Lily/Lily_030420.cha;eng;Providence;CHI;41;female;.;.;.;Target_Child;.;.;long;toyplay;TD;535;475;3.168;3.606;50;2.88;3.64;339;1857;0.183;50;73.83;0.598;1752;668;1878;0.933;0.356;0;0;0;0;50;7.68;50;52;1857;30;30;34;28;20;2;29;92;9;16;8;4;28;12;14
Lily/Lily_030528.cha;eng;Providence;CHI;42;female;.;.;.;Target_Child;.;.;long;toyplay;TD;448;397;3.091;3.479;50;2.36;2.64;337;1454;0.232;60;77.9;0.507;1389;546;1448;0.959;0.377;1;0;0;0;50;8.16;50;39;1454;23;16;9;43;30;2;27;48;8;5;1;7;15;14;14
Lily/Lily_030725.cha;eng;Providence;CHI;44;female;.;.;.;Target_Child;.;.;long;toyplay;TD;604;508;3.764;4.209;50;5.46;6.2;357;2493;0.143;56;67.27;0.654;2366;701;2346;1.008;0.299;0;0;0;0;50;9.54;50;51;2493;48;29;9;33;25;0;33;134;12;14;3;20;45;22;13
Lily/Lily_030823.cha;eng;Providence;CHI;45;female;.;.;.;Target_Child;.;.;long;toyplay;TD;473;416;4.002;4.519;50;4.9;5.24;329;2106;0.156;50;58.37;0.753;2041;555;1857;1.099;0.299;0;0;0;16;50;9.7;50;50;2106;43;15;21;55;61;9;63;92;7;5;4;22;20;20;14
Lily/Lily_030927a.cha;eng;Providence;CHI;46;female;.;.;.;Target_Child;.;.;long;toyplay;TD;424;392;3.02;3.413;50;3.5;3.88;271;1402;0.193;35;51.03;0.545;1300;544;1716;0.758;0.317;0;0;0;0;50;7.52;50;42;1402;6;9;8;10;19;2;31;52;5;12;2;4;40;5;14
Lily/Lily_030927b.cha;eng;Providence;CHI;46;female;.;.;.;Target_Child;.;.;long;toyplay;TD;410;385;2.99;3.457;50;4.06;4.66;278;1316;0.211;42;46.01;0.576;1227;455;1530;0.802;0.297;0;0;0;0;50;7.18;50;40;1316;39;7;14;34;18;1;30;67;2;9;2;4;44;27;14
Lily/Lily_031025.cha;eng;Providence;CHI;47;female;.;.;.;Target_Child;.;.;long;toyplay;TD;504;429;3.699;3.991;50;2.6;2.7;323;1991;0.162;47;61.5;0.661;1916;596;1845;1.038;0.323;0;0;0;11;50;10.02;50;40;1991;21;9;8;25;29;7;25;78;8;6;2;7;34;10;14
Lily/Lily_040002.cha;eng;Providence;CHI;48;female;.;.;.;Target_Child;.;.;long;toyplay;TD;451;409;2.936;3.147;50;2;2.24;291;1349;0.216;50;65.07;0.463;1318;531;1666;0.791;0.319;1;0;0;7;50;8.92;50;39;1349;15;7;4;25;35;1;35;65;3;2;3;4;17;6;14
Naima/Naima_001126.cha;eng;Providence;CHI;12;female;.;.;.;Target_Child;.;.;long;toyplay;TD;111;100;1.68;1.69;50;1.34;1.34;18;184;0.098;15;0.97;0.027;184;295;1232;0.149;0.239;0;0;0;0;0;NA;28;NA;184;0;0;0;0;0;0;0;0;0;0;0;0;0;0;0
Naima/Naima_010014.cha;eng;Providence;CHI;12;female;.;.;.;Target_Child;.;.;long;toyplay;TD;53;46;1;1.065;46;NA;NA;12;55;0.218;NA;1.88;0;55;332;1270;0.043;0.261;0;0;0;0;0;NA;12;NA;55;0;0;0;0;0;0;0;0;0;0;0;0;0;0;0
Naima/Naima_010026.cha;eng;Providence;CHI;13;female;.;.;.;Target_Child;.;.;long;toyplay;TD;98;95;1.232;1.295;50;1.18;1.22;46;122;0.377;39;18.38;0.041;121;238;863;0.14;0.276;0;0;0;0;1;NA;50;7;122;0;0;0;0;0;0;0;0;0;0;0;0;1;0;1
Naima/Naima_010111.cha;eng;Providence;CHI;13;female;.;.;.;Target_Child;.;.;long;toyplay;TD;99;96;1.198;1.24;50;1.18;1.26;33;121;0.273;29;9.24;0.051;120;208;821;0.146;0.253;0;0;0;0;1;NA;35;NA;121;0;0;0;0;2;0;0;4;0;0;0;0;1;0;3
Naima/Naima_010124.cha;eng;Providence;CHI;14;female;.;.;.;Target_Child;.;.;long;toyplay;TD;98;88;1.466;1.489;50;1.3;1.32;35;143;0.245;32;6.15;0.051;143;170;830;0.172;0.205;0;0;0;0;2;NA;41;NA;143;0;0;0;1;1;0;0;1;0;0;0;0;0;0;3
Naima/Naima_010207.cha;eng;Providence;CHI;14;female;.;.;.;Target_Child;.;.;long;toyplay;TD;89;85;1.412;1.435;50;1.52;1.52;36;125;0.288;29;8.68;0.056;125;131;472;0.265;0.277;0;0;0;0;0;NA;42;NA;125;1;0;0;0;0;0;0;0;0;0;0;0;0;0;1
Naima/Naima_010221.cha;eng;Providence;CHI;15;female;.;.;.;Target_Child;.;.;long;toyplay;TD;213;196;1.531;1.602;50;1.8;1.8;62;327;0.19;22;13.04;0.216;325;353;927;0.351;0.381;0;0;0;0;6;NA;50;10;327;3;0;0;0;0;0;0;5;0;0;0;0;1;1;4
Naima/Naima_010307.cha;eng;Providence;CHI;15;female;.;.;.;Target_Child;.;.;long;toyplay;TD;278;261;1.533;1.579;50;1.56;1.66;86;423;0.203;22;19.57;0.061;425;447;1197;0.355;0.374;0;0;0;4;5;NA;50;3;423;0;0;3;2;3;0;0;0;0;0;0;0;2;0;4
Naima/Naima_010312.cha;eng;Providence;CHI;15;female;.;.;.;Target_Child;.;.;long;toyplay;TD;446;407;1.541;1.744;50;1.26;1.32;139;683;0.204;30;38.39;0.164;683;634;1970;0.347;0.322;0;0;0;0;5;NA;50;5;683;5;0;2;21;5;0;0;5;0;1;0;0;0;0;6
Naima/Naima_010325.cha;eng;Providence;CHI;16;female;.;.;.;Target_Child;.;.;long;toyplay;TD;493;414;2.06;2.394;50;1.56;1.82;116;982;0.118;30;22.47;0.146;984;595;2241;0.439;0.266;0;0;0;4;18;NA;50;20;982;1;1;0;43;19;2;15;4;0;7;0;0;1;0;9
Naima/Naima_010403.cha;eng;Providence;CHI;16;female;.;.;.;Target_Child;.;.;long;toyplay;TD;558;511;1.871;2.2;50;2.44;2.82;139;1032;0.135;26;38.79;0.142;1031;651;1600;0.644;0.407;0;0;0;0;29;NA;50;9;1032;13;0;4;75;6;0;13;7;0;21;1;0;1;0;9
Naima/Naima_010410.cha;eng;Providence;CHI;16;female;.;.;.;Target_Child;.;.;long;toyplay;TD;516;462;1.952;2.392;50;1.74;2.4;134;996;0.135;26;36.73;0.211;999;600;1690;0.591;0.355;0;0;0;3;36;NA;50;8;996;3;0;3;96;11;14;19;3;0;12;0;0;0;0;8
Naima/Naima_010416.cha;eng;Providence;CHI;17;female;.;.;.;Target_Child;.;.;long;toyplay;TD;479;396;1.889;2.119;50;1.72;1.9;151;866;0.174;31;42.04;0.315;866;747;1859;0.466;0.402;0;0;0;0;49;NA;50;17;866;20;0;6;47;9;2;31;13;0;5;0;0;0;0;8
Naima/Naima_010423.cha;eng;Providence;CHI;17;female;.;.;.;Target_Child;.;.;long;toyplay;TD;359;255;2.4;2.847;50;2.3;2.66;175;866;0.202;37;62.22;0.318;863;449;2125;0.406;0.211;0;0;0;0;41;NA;50;24;866;13;2;1;45;1;3;13;19;0;7;1;1;3;0;12
Naima/Naima_010502.cha;eng;Providence;CHI;17;female;.;.;.;Target_Child;.;.;long;toyplay;TD;326;191;3.094;3.471;50;2.52;2.84;160;982;0.163;37;36.01;0.387;982;437;2384;0.412;0.183;0;0;0;0;38;NA;50;25;982;10;1;1;119;3;1;17;2;1;9;0;0;0;0;10
Naima/Naima_010511.cha;eng;Providence;CHI;17;female;.;.;.;Target_Child;.;.;long;toyplay;TD;418;301;2.761;3.09;50;2.24;2.54;177;1161;0.152;27;44.2;0.234;1158;565;2548;0.455;0.222;0;0;0;0;43;NA;50;20;1161;27;6;8;46;0;7;21;16;2;7;0;1;1;0;11
Naima/Naima_010524.cha;eng;Providence;CHI;18;female;.;.;.;Target_Child;.;.;long;toyplay;TD;270;214;1.995;2.505;50;1.38;1.8;157;549;0.286;48;64.83;0.293;539;368;1574;0.343;0.234;0;0;0;0;27;NA;50;15;549;32;1;0;43;12;11;5;10;0;6;0;0;9;1;10
Naima/Naima_010604.cha;eng;Providence;CHI;18;female;.;.;.;Target_Child;.;.;long;toyplay;TD;392;306;2.34;2.85;50;1.8;2.14;238;926;0.257;55;104.57;0.332;920;542;1775;0.518;0.305;0;0;0;0;47;NA;50;21;926;39;12;12;56;6;34;29;34;4;8;2;1;5;0;13
Naima/Naima_010609.cha;eng;Providence;CHI;18;female;.;.;.;Target_Child;.;.;long;toyplay;TD;443;369;2.507;3.152;50;2.5;3.36;236;1157;0.204;42;80.19;0.289;1128;549;1934;0.583;0.284;0;0;0;0;50;5.9;50;33;1157;94;5;8;80;12;17;16;36;9;14;0;5;19;8;13
Naima/Naima_010620.cha;eng;Providence;CHI;19;female;.;.;.;Target_Child;.;.;long;toyplay;TD;477;323;2.04;2.399;50;2.26;2.76;163;971;0.168;39;36.78;0.283;955;559;1867;0.512;0.299;0;0;0;0;50;4.52;50;23;971;113;5;13;39;1;0;41;27;1;3;0;0;16;0;10
Naima/Naima_010700.cha;eng;Providence;CHI;19;female;.;.;.;Target_Child;.;.;long;toyplay;TD;369;256;2.727;3.141;50;2.44;2.76;201;1115;0.18;40;32.53;0.64;1055;494;1770;0.596;0.279;0;0;0;6;50;7.14;50;42;1115;17;9;2;46;13;2;11;87;0;13;0;0;52;4;11
Naima/Naima_010710.cha;eng;Providence;CHI;19;female;.;.;.;Target_Child;.;.;long;toyplay;TD;485;395;2.562;2.982;50;1.7;1.88;213;1331;0.16;27;34.33;0.546;1264;579;1984;0.637;0.292;0;0;0;0;50;5.24;50;30;1331;63;17;14;47;39;3;12;147;8;13;0;2;57;8;13
Naima/Naima_010717.cha;eng;Providence;CHI;20;female;.;.;.;Target_Child;.;.;long;toyplay;TD;278;139;3.094;3.396;50;3.56;3.76;165;800;0.206;26;35.48;0.568;792;423;1527;0.519;0.277;0;0;0;0;50;6.06;50;37;800;11;9;8;54;2;1;24;26;1;8;3;3;4;2;14
Naima/Naima_010723.cha;eng;Providence;CHI;20;female;.;.;.;Target_Child;.;.;long;toyplay;TD;442;292;2.26;2.818;50;2.16;2.38;221;993;0.223;47;60.7;0.387;944;691;2049;0.461;0.337;8;0;0;0;50;6.24;50;29;993;58;13;1;65;16;8;18;48;1;9;2;2;19;26;14
Naima/Naima_010801.cha;eng;Providence;CHI;20;female;.;.;.;Target_Child;.;.;long;toyplay;TD;374;149;2.101;2.49;50;1.84;2.1;207;809;0.256;51;58.12;0.401;785;497;1579;0.497;0.315;3;0;0;0;36;NA;50;27;809;38;11;7;41;10;5;16;23;2;14;1;2;18;6;14
Naima/Naima_010808.cha;eng;Providence;CHI;20;female;.;.;.;Target_Child;.;.;long;toyplay;TD;537;396;2.424;2.874;50;2.68;3.04;239;1385;0.173;42;38.59;0.503;1311;622;2202;0.595;0.282;0;0;0;0;50;6.48;50;28;1385;62;7;16;33;20;7;35;76;2;37;5;5;43;31;14
Naima/Naima_010818.cha;eng;Providence;CHI;21;female;.;.;.;Target_Child;.;.;long;toyplay;TD;450;259;1.961;2.483;50;1.96;2.54;221;1054;0.21;36;28.94;0.4;971;547;1881;0.516;0.291;4;0;0;0;50;5.28;50;27;1054;96;16;7;29;0;1;9;34;3;6;2;2;38;44;13
Naima/Naima_010821.cha;eng;Providence;CHI;21;female;.;.;.;Target_Child;.;.;long;toyplay;TD;704;555;2.737;3.265;50;2.56;3.18;267;2088;0.128;42;41.49;0.531;1944;789;2471;0.787;0.319;0;0;0;0;50;6.12;50;28;2088;107;31;12;42;37;8;39;158;5;19;2;0;85;47;13
Naima/Naima_010908.cha;eng;Providence;CHI;21;female;.;.;.;Target_Child;.;.;long;toyplay;TD;330;232;2.578;2.914;50;2.38;2.7;199;900;0.221;39;60.12;0.464;872;468;2079;0.419;0.225;1;0;0;0;50;5.12;50;30;900;15;13;19;31;3;12;20;54;1;2;2;3;11;1;14
Naima/Naima_010910.cha;eng;Providence;CHI;21;female;.;.;.;Target_Child;.;.;long;toyplay;TD;329;256;3.762;4.422;50;3.72;4.4;252;1360;0.185;44;37.46;0.772;1253;429;1469;0.853;0.292;0;0;0;0;50;8.02;50;50;1360;43;11;12;17;13;3;41;80;4;9;5;19;33;23;14
Naima/Naima_010915.cha;eng;Providence;CHI;22;female;.;.;.;Target_Child;.;.;long;toyplay;TD;335;269;2.428;2.792;50;2.1;2.5;193;877;0.22;51;33.28;0.519;829;372;1200;0.691;0.31;0;0;0;0;50;5.28;50;24;877;13;15;2;21;8;6;1;92;3;6;1;2;38;5;14
Naima/Naima_010921.cha;eng;Providence;CHI;22;female;.;.;.;Target_Child;.;.;long;toyplay;TD;365;267;3.367;4.127;50;3.58;4.36;217;1344;0.161;54;41.94;0.721;1223;495;2056;0.595;0.241;0;0;0;0;50;6.3;50;45;1344;39;16;1;37;27;10;41;106;10;15;3;5;55;20;14
Naima/Naima_010925.cha;eng;Providence;CHI;22;female;.;.;.;Target_Child;.;.;long;toyplay;TD;461;308;3.146;3.714;50;2.8;3.46;259;1629;0.159;42;43.94;0.631;1516;553;1844;0.822;0.3;0;0;0;0;50;4.58;50;34;1629;82;35;16;35;20;28;44;155;2;19;3;15;64;32;14
Naima/Naima_011005.cha;eng;Providence;CHI;22;female;.;.;.;Target_Child;.;.;long;toyplay;TD;412;313;3.131;3.709;50;3.76;4.18;237;1394;0.17;53;49.42;0.522;1317;466;1829;0.72;0.255;0;0;0;0;50;7.54;50;36;1394;52;30;13;40;35;19;35;75;5;9;2;10;30;18;14
Naima/Naima_011012.cha;eng;Providence;CHI;22;female;.;.;.;Target_Child;.;.;long;toyplay;TD;536;414;2.461;2.932;50;2.2;2.52;237;1442;0.164;44;35.79;0.446;1393;763;2623;0.531;0.291;0;0;1;69;50;6.42;50;33;1442;49;25;4;49;17;10;18;93;0;17;2;0;87;11;12
Naima/Naima_011018.cha;eng;Providence;CHI;23;female;.;.;.;Target_Child;.;.;long;toyplay;TD;467;320;3.131;3.866;50;2.92;3.46;239;1719;0.139;50;43.05;0.64;1640;498;2191;0.749;0.227;0;0;0;4;50;6.36;50;49;1719;73;47;16;114;8;21;42;147;3;15;10;20;41;27;14
Naima/Naima_011027.cha;eng;Providence;CHI;23;female;.;.;.;Target_Child;.;.;long;toyplay;TD;431;288;2.319;2.674;50;2.36;2.9;228;1207;0.189;38;47.8;0.432;1154;610;2712;0.426;0.225;0;0;0;0;50;6.5;50;38;1207;57;8;10;19;17;5;28;82;8;13;2;12;21;22;14
Naima/Naima_011107.cha;eng;Providence;CHI;23;female;.;.;.;Target_Child;.;.;long;toyplay;TD;401;242;3.211;3.806;50;2.86;3.28;271;1592;0.17;60;47.17;0.768;1501;462;2114;0.71;0.219;0;0;1;6;50;7.04;50;49;1592;76;14;13;18;14;8;10;171;11;20;10;9;47;34;14
Naima/Naima_011116.cha;eng;Providence;CHI;24;female;.;.;.;Target_Child;.;.;long;toyplay;TD;76;33;2.606;3;33;NA;NA;89;251;0.355;47;41.33;0.618;238;141;584;0.407;0.241;0;0;0;0;8;NA;50;40;251;11;10;3;7;1;2;3;27;1;0;2;2;7;5;13
Naima/Naima_011122.cha;eng;Providence;CHI;24;female;.;.;.;Target_Child;.;.;long;toyplay;TD;322;236;2.682;3.127;50;2.54;3.06;214;971;0.22;46;44.73;0.503;911;354;1149;0.793;0.308;0;0;0;0;50;5.54;50;35;971;34;17;6;17;26;9;20;74;6;3;6;4;30;15;14
Naima/Naima_011126.cha;eng;Providence;CHI;24;female;.;.;.;Target_Child;.;.;long;toyplay;TD;348;165;3.061;3.624;50;3.34;3.84;242;1237;0.196;47;41.81;0.658;1180;484;1907;0.619;0.254;0;0;0;0;50;7.1;50;40;1237;69;12;6;28;39;3;23;103;2;17;9;7;27;24;14
Naima/Naima_020004.cha;eng;Providence;CHI;24;female;.;.;.;Target_Child;.;.;long;toyplay;TD;336;250;3.116;3.656;50;3.24;3.7;258;1299;0.199;39;42.57;0.717;1229;362;1466;0.838;0.247;0;0;0;0;50;8.44;50;39;1299;56;13;12;22;27;10;20;101;13;13;13;16;48;14;14
Naima/Naima_020012.cha;eng;Providence;CHI;24;female;.;.;.;Target_Child;.;.;long;toyplay;TD;301;159;2.818;3.252;50;2.68;3.08;198;949;0.209;45;44.36;0.551;904;425;1781;0.507;0.239;0;0;0;0;50;5.92;50;45;949;51;12;5;28;18;9;20;51;2;5;5;5;16;19;14
Naima/Naima_020017.cha;eng;Providence;CHI;25;female;.;.;.;Target_Child;.;.;long;toyplay;TD;308;175;3.171;3.577;50;3.52;3.92;218;1036;0.21;47;50.92;0.617;988;391;1925;0.513;0.203;0;0;0;0;50;8.12;50;47;1036;30;9;8;18;21;12;19;72;3;10;9;1;26;9;14
Naima/Naima_020100.cha;eng;Providence;CHI;25;female;.;.;.;Target_Child;.;.;long;toyplay;TD;429;286;2.99;3.521;50;2.86;3.48;313;1437;0.218;51;62.62;0.608;1352;537;1771;0.763;0.303;1;0;0;0;50;5.48;50;38;1437;46;13;3;36;22;5;38;78;12;11;15;15;43;22;14
Naima/Naima_020110.cha;eng;Providence;CHI;25;female;.;.;.;Target_Child;.;.;long;toyplay;TD;421;192;3.766;4.547;50;3.08;3.78;318;1615;0.197;43;52.73;0.641;1527;585;2678;0.57;0.218;0;0;0;0;50;6.16;50;35;1615;55;33;9;69;18;13;41;140;2;12;5;7;55;21;14
Naima/Naima_020116.cha;eng;Providence;CHI;26;female;.;.;.;Target_Child;.;.;long;toyplay;TD;519;359;3.373;4.078;50;3.88;4.82;286;1800;0.159;44;45.92;0.642;1700;685;1984;0.857;0.345;9;0;0;0;50;7.92;50;51;1800;103;34;17;24;37;8;33;133;10;20;13;23;33;35;14
Naima/Naima_020124.cha;eng;Providence;CHI;26;female;.;.;.;Target_Child;.;.;long;toyplay;TD;236;194;5.113;6.273;50;4.72;5.58;274;1421;0.193;43;44.53;1.169;1320;247;1366;0.966;0.181;0;0;0;0;50;8.32;50;54;1421;60;8;5;35;34;25;49;119;11;7;6;20;46;43;14
Naima/Naima_020202.cha;eng;Providence;CHI;26;female;.;.;.;Target_Child;.;.;long;toyplay;TD;558;373;4.147;4.96;50;4.82;5.84;311;2376;0.131;42;39.03;0.901;2230;657;2353;0.948;0.279;0;0;0;0;50;8.66;50;49;2376;113;25;33;61;54;17;59;192;15;17;5;23;73;47;14
Naima/Naima_020211.cha;eng;Providence;CHI;26;female;.;.;.;Target_Child;.;.;long;toyplay;TD;280;136;3.949;4.713;50;3.72;4.48;188;1072;0.175;37;35.14;0.761;1013;355;1086;0.932;0.327;0;0;0;0;50;7.6;50;40;1072;67;16;8;38;17;5;14;80;1;4;5;7;9;28;14
Naima/Naima_020217.cha;eng;Providence;CHI;27;female;.;.;.;Target_Child;.;.;long;toyplay;TD;475;337;3.697;4.54;50;4.18;5.08;334;1943;0.172;59;42.3;0.867;1793;545;1672;1.073;0.326;0;0;0;0;50;7.22;50;53;1943;98;23;13;46;8;1;33;142;1;21;12;40;70;44;14
Naima/Naima_020306.cha;eng;Providence;CHI;27;female;.;.;.;Target_Child;.;.;long;toyplay;TD;213;184;4.37;5.304;50;4.64;5.56;200;1097;0.182;43;36.88;1.038;1009;223;1395;0.723;0.16;7;0;0;0;50;10.38;50;59;1097;93;11;5;24;24;4;14;79;1;4;4;19;29;44;14
Naima/Naima_020316.cha;eng;Providence;CHI;28;female;.;.;.;Target_Child;.;.;long;toyplay;TD;358;279;2.849;3.287;50;2.54;2.92;197;1151;0.171;45;27;0.455;1084;417;1351;0.802;0.309;0;0;0;0;50;8.44;50;61;1151;36;17;11;14;15;1;23;113;7;11;11;6;44;12;14
Naima/Naima_020324.cha;eng;Providence;CHI;28;female;.;.;.;Target_Child;.;.;long;toyplay;TD;523;388;3.479;4.157;50;3.44;4.1;341;2199;0.155;44;45.33;0.721;2061;591;2347;0.878;0.252;0;0;0;8;50;10.6;50;63;2199;88;31;16;44;35;3;33;140;7;28;12;16;45;44;14
Naima/Naima_020411.cha;eng;Providence;CHI;28;female;.;.;.;Target_Child;.;.;long;toyplay;TD;345;255;3.78;4.404;50;3.3;3.76;236;1431;0.165;33;43.43;0.797;1348;439;1471;0.916;0.298;0;0;0;0;50;8.14;50;47;1431;41;6;16;25;20;8;17;128;10;48;23;15;24;16;14
Naima/Naima_020416.cha;eng;Providence;CHI;29;female;.;.;.;Target_Child;.;.;long;toyplay;TD;222;187;3.273;3.888;50;4.08;4.9;207;837;0.247;39;46.8;0.631;799;239;1055;0.758;0.227;2;0;0;0;50;6.26;50;56;837;38;7;7;31;13;4;19;50;2;7;10;5;10;11;14
Naima/Naima_020424.cha;eng;Providence;CHI;29;female;.;.;.;Target_Child;.;.;long;toyplay;TD;589;431;2.965;3.439;50;2.68;3.2;355;2113;0.168;46;57.2;0.63;2003;743;2072;0.967;0.359;0;0;0;0;50;7.78;50;48;2113;74;52;17;38;61;9;49;143;11;31;12;29;43;29;14
Naima/Naima_020427.cha;eng;Providence;CHI;29;female;.;.;.;Target_Child;.;.;long;toyplay;TD;420;306;2.824;3.301;50;3.24;4.04;285;1589;0.179;47;40.92;0.598;1495;442;1823;0.82;0.242;0;0;0;0;50;10.44;50;49;1589;37;18;10;39;33;3;19;115;8;17;1;9;38;24;14
Naima/Naima_020507.cha;eng;Providence;CHI;29;female;.;.;.;Target_Child;.;.;long;toyplay;TD;176;123;3.715;4.325;50;3.26;3.84;153;796;0.192;40;32.6;0.898;746;223;748;0.997;0.298;0;0;0;0;50;8.6;50;58;796;28;1;1;12;10;7;6;60;0;4;6;6;15;17;13
Naima/Naima_020514.cha;eng;Providence;CHI;29;female;.;.;.;Target_Child;.;.;long;toyplay;TD;422;278;3.788;4.453;50;3.3;3.84;265;1910;0.139;46;37.77;0.791;1759;503;1813;0.97;0.277;0;0;0;0;50;7.6;50;43;1910;87;17;17;39;26;4;41;113;4;23;6;15;28;56;14
Naima/Naima_020515.cha;eng;Providence;CHI;30;female;.;.;.;Target_Child;.;.;long;toyplay;TD;341;245;3.657;4.31;50;4.4;5.26;236;1485;0.159;49;37.27;0.757;1374;429;1304;1.053;0.329;0;0;0;0;50;7.48;50;66;1485;52;12;16;29;18;1;21;119;5;5;4;24;38;43;14
Naima/Naima_020517.cha;eng;Providence;CHI;30;female;.;.;.;Target_Child;.;.;long;toyplay;TD;694;486;3.512;4.123;50;1.94;2.62;401;2968;0.135;51;43.5;0.758;2795;822;2326;1.202;0.353;0;0;0;0;50;7.12;50;46;2968;125;39;59;78;27;8;128;205;16;39;12;37;37;55;14
Naima/Naima_020518.cha;eng;Providence;CHI;30;female;.;.;.;Target_Child;.;.;long;toyplay;TD;690;452;3.239;3.847;50;3.52;4.04;366;2808;0.13;46;41.84;0.761;2569;851;2440;1.053;0.349;1;0;0;0;50;9.62;50;55;2808;134;38;11;70;42;10;94;169;9;28;16;28;49;74;14
Naima/Naima_020519.cha;eng;Providence;CHI;30;female;.;.;.;Target_Child;.;.;long;toyplay;TD;579;413;3.806;4.538;50;3.54;4.2;370;2637;0.14;49;45.2;0.831;2440;747;2299;1.062;0.325;0;0;0;0;50;8.62;50;46;2637;137;33;15;69;43;7;53;192;11;23;17;35;57;80;14
Naima/Naima_020527.cha;eng;Providence;CHI;30;female;.;.;.;Target_Child;.;.;long;toyplay;TD;303;198;2.874;3.379;50;3.3;4;200;1099;0.182;38;37.85;0.558;1023;436;2092;0.489;0.208;0;0;0;4;50;8.32;50;48;1099;51;16;4;28;14;1;11;78;3;4;3;13;28;27;14
Naima/Naima_020611.cha;eng;Providence;CHI;30;female;.;.;.;Target_Child;.;.;long;toyplay;TD;371;221;2.837;3.113;50;2.18;2.3;238;1202;0.198;45;37.74;0.612;1158;519;1992;0.581;0.261;0;0;0;0;50;10.16;50;49;1202;29;11;4;25;19;0;19;67;4;11;6;9;23;6;13
Naima/Naima_020625.cha;eng;Providence;CHI;31;female;.;.;.;Target_Child;.;.;long;toyplay;TD;369;228;3.346;3.939;50;3.82;4.62;267;1633;0.164;46;43.72;0.786;1503;519;2286;0.658;0.227;0;0;0;0;50;7.84;50;56;1633;63;21;5;35;43;3;37;97;7;19;20;19;30;37;14
Naima/Naima_020703.cha;eng;Providence;CHI;31;female;.;.;.;Target_Child;.;.;long;toyplay;TD;378;261;3.241;3.713;50;3.12;3.68;244;1302;0.187;57;49.86;0.63;1241;449;1985;0.625;0.226;0;0;0;0;50;8.7;50;45;1302;45;7;7;22;15;8;32;97;5;30;11;17;21;25;14
Naima/Naima_020713.cha;eng;Providence;CHI;31;female;.;.;.;Target_Child;.;.;long;toyplay;TD;508;378;3.159;3.585;50;2.68;2.86;339;1927;0.176;52;64.71;0.614;1832;592;2251;0.814;0.263;0;0;0;5;50;9.5;50;61;1927;72;26;11;36;23;7;39;101;10;17;4;27;39;33;14
Naima/Naima_020720.cha;eng;Providence;CHI;32;female;.;.;.;Target_Child;.;.;long;toyplay;TD;285;187;3.225;3.775;50;2.96;3.44;231;976;0.237;48;48.15;0.607;926;429;1620;0.572;0.265;2;0;0;0;50;7.94;50;45;976;30;16;3;19;22;3;35;66;15;4;1;7;18;10;14
Naima/Naima_020727.cha;eng;Providence;CHI;32;female;.;.;.;Target_Child;.;.;long;toyplay;TD;378;259;3.471;3.911;50;3.52;4.04;245;1400;0.175;50;39.04;0.603;1328;447;1891;0.702;0.236;0;0;0;0;50;10.24;50;63;1400;30;8;7;33;15;1;39;52;8;14;34;13;33;14;14
Naima/Naima_020811.cha;eng;Providence;CHI;32;female;.;.;.;Target_Child;.;.;long;toyplay;TD;302;209;3.292;3.842;50;3.2;3.6;238;1137;0.209;47;49.32;0.719;1071;383;1458;0.734;0.263;0;0;0;3;50;10.36;50;56;1137;38;13;6;19;18;0;18;59;13;16;9;14;22;13;13
Naima/Naima_020819.cha;eng;Providence;CHI;33;female;.;.;.;Target_Child;.;.;long;toyplay;TD;333;243;3.329;3.86;50;3.32;3.98;248;1251;0.198;51;41.59;0.763;1166;434;1298;0.899;0.334;0;0;0;0;50;9.26;50;53;1251;42;8;4;11;17;4;37;66;4;15;15;21;36;17;14
Naima/Naima_020917.cha;eng;Providence;CHI;34;female;.;.;.;Target_Child;.;.;long;toyplay;TD;461;265;3.996;4.736;50;2.9;3.24;325;2172;0.15;48;46.75;0.872;1973;627;2627;0.751;0.239;0;0;0;0;50;8.5;50;55;2172;87;38;28;27;23;9;45;135;14;11;7;14;49;52;14
Naima/Naima_020923.cha;eng;Providence;CHI;34;female;.;.;.;Target_Child;.;.;long;toyplay;TD;761;581;3.898;4.57;50;4.6;5.46;452;3430;0.132;50;51.52;0.783;3267;964;2710;1.205;0.356;0;0;0;80;50;12.54;50;67;3430;75;34;19;73;45;22;107;255;24;27;38;47;94;44;14
Naima/Naima_021001.cha;eng;Providence;CHI;34;female;.;.;.;Target_Child;.;.;long;toyplay;TD;454;251;3.749;4.291;50;3.34;4.16;308;2028;0.152;41;42.84;0.822;1879;564;2246;0.837;0.251;0;0;0;0;50;9.72;50;50;2028;33;19;16;29;21;3;41;106;9;27;31;12;43;28;14
Naima/Naima_021008a.cha;eng;Providence;CHI;34;female;.;.;.;Target_Child;.;.;long;toyplay;TD;257;154;5.084;5.747;50;5.44;5.86;256;1594;0.161;43;40.63;1.027;1478;274;1939;0.762;0.141;0;0;0;0;50;11.06;50;60;1594;26;16;12;9;32;4;59;122;2;8;11;25;45;16;14
Naima/Naima_021008b.cha;eng;Providence;CHI;34;female;.;.;.;Target_Child;.;.;long;toyplay;TD;383;269;5.015;5.911;50;5.78;6.66;327;2327;0.141;51;45.56;1.078;2159;418;2234;0.967;0.187;0;0;0;0;50;12.02;50;67;2327;79;26;18;43;30;8;72;180;9;15;19;25;58;61;14
Naima/Naima_021018.cha;eng;Providence;CHI;35;female;.;.;.;Target_Child;.;.;long;toyplay;TD;441;281;5.278;6.164;50;4.22;5.1;364;2561;0.142;43;53.66;0.927;2396;598;3107;0.771;0.192;0;0;0;0;50;10.48;50;63;2561;68;53;12;48;34;4;52;176;15;15;10;24;50;36;14
Naima/Naima_021027.cha;eng;Providence;CHI;35;female;.;.;.;Target_Child;.;.;long;toyplay;TD;391;267;5.831;6.494;50;4.78;5.18;356;3016;0.118;37;50.48;1.332;2851;421;2370;1.203;0.178;0;0;0;4;50;9;50;67;3016;76;27;20;29;65;7;72;247;26;32;17;55;53;45;14
Naima/Naima_021114.cha;eng;Providence;CHI;35;female;.;.;.;Target_Child;.;.;long;toyplay;TD;440;344;5.038;5.788;50;4.16;4.88;337;2590;0.13;50;43.88;1.043;2441;482;2128;1.147;0.226;0;0;0;0;50;7.92;50;51;2590;94;30;19;48;56;5;100;229;7;17;18;68;56;36;14
Naima/Naima_021123.cha;eng;Providence;CHI;36;female;.;.;.;Target_Child;.;.;long;toyplay;TD;417;285;4.239;5.095;50;4.62;5.52;315;2121;0.149;47;46.23;0.894;1970;477;2409;0.818;0.198;0;0;0;0;50;9.4;50;62;2121;71;22;10;33;18;16;58;145;8;21;15;16;59;45;14
Naima/Naima_030000.cha;eng;Providence;CHI;36;female;.;.;.;Target_Child;.;.;long;toyplay;TD;491;313;3.482;3.923;50;3.92;4.62;343;1936;0.177;41;73.58;0.664;1855;626;2668;0.695;0.235;0;0;0;0;50;8.06;50;53;1936;64;22;2;17;38;2;58;109;11;26;9;5;30;24;14
Naima/Naima_030101.cha;eng;Providence;CHI;37;female;.;.;.;Target_Child;.;.;long;toyplay;TD;467;377;3.509;4;50;3.08;3.44;282;1786;0.158;49;54.45;0.67;1698;572;1686;1.007;0.339;8;0;0;36;50;11.08;50;54;1786;39;18;7;44;45;3;39;112;5;6;11;12;34;29;14
Naima/Naima_030219.cha;eng;Providence;CHI;39;female;.;.;.;Target_Child;.;.;long;toyplay;TD;469;415;4.598;5.217;50;4.84;5.46;307;2350;0.131;52;48.12;1.013;2242;515;2101;1.067;0.245;0;0;0;17;50;9.7;50;57;2350;36;34;8;24;22;5;37;105;4;68;36;29;45;19;14
Naima/Naima_030325.cha;eng;Providence;CHI;40;female;.;.;.;Target_Child;.;.;long;toyplay;TD;414;340;4.012;4.891;50;3.86;4.48;253;1838;0.138;54;41.48;0.986;1679;456;1309;1.283;0.348;0;0;0;0;50;8.3;50;56;1838;87;14;5;25;24;1;18;106;4;36;11;25;42;58;14
Naima/Naima_030623.cha;eng;Providence;CHI;43;female;.;.;.;Target_Child;.;.;long;toyplay;TD;428;327;4.382;5.009;50;3.34;3.88;407;2332;0.175;54;62.52;1.005;2205;467;1631;1.352;0.286;2;0;0;0;50;11.2;50;67;2332;64;27;13;68;63;3;51;164;6;14;14;45;49;24;14
Naima/Naima_031010.cha;eng;Providence;CHI;46;female;.;.;.;Target_Child;.;.;long;toyplay;TD;681;522;4.613;5.448;50;5.02;5.82;406;3426;0.119;40;47.42;0.934;3152;766;2104;1.498;0.364;0;0;0;0;50;12.72;50;58;3426;72;46;18;76;41;7;66;221;36;20;21;29;75;42;14
Violet/Violet_010200.cha;eng;Providence;CHI;14;female;.;.;.;Target_Child;.;.;long;toyplay;TD;6;3;1;1;3;NA;NA;5;7;0.714;NA;NA;0.167;7;89;644;0.011;0.138;0;0;0;0;0;NA;8;NA;7;0;0;0;0;0;0;0;0;0;0;0;0;0;0;0
Violet/Violet_010214.cha;eng;Providence;CHI;14;female;.;.;.;Target_Child;.;.;long;toyplay;TD;0;0;NA;NA;0;NA;NA;0;0;NA;NA;NA;NA;0;132;575;0;0.23;0;0;0;0;0;NA;0;NA;0;0;0;0;0;0;0;0;0;0;0;0;0;0;0;0
Violet/Violet_010309.cha;eng;Providence;CHI;15;female;.;.;.;Target_Child;.;.;long;toyplay;TD;0;0;0;0;0;0;0;0;0;0;0;0;0;0;0;0;0;0;0;0;0;0;0;0;0;0;0;0;0;0;0;0;0;0;0;0;0;0;0;0;0;0
;;;;;;;;;;;;;;;;;;;;;;;;;;;;;;;;;;;;;;;;;;;;;;;;;;;;;;;;
Violet/Violet_010326.cha;eng;Providence;CHI;16;female;.;.;.;Target_Child;.;.;long;toyplay;TD;1;1;1;1;1;NA;NA;1;1;1;NA;NA;0;1;161;810;0.001;0.199;0;0;0;0;0;NA;1;NA;1;0;0;0;0;0;0;0;0;0;0;0;0;0;0;0
Violet/Violet_010407.cha;eng;Providence;CHI;16;female;.;.;.;Target_Child;.;.;long;toyplay;TD;0;0;0;0;0;0;0;0;0;0;0;0;0;0;0;0;0;0;0;0;0;0;0;0;0;0;0;0;0;0;0;0;0;0;0;0;0;0;0;0;0;0
;;;;;;;;;;;;;;;;;;;;;;;;;;;;;;;;;;;;;;;;;;;;;;;;;;;;;;;;
Violet/Violet_010420.cha;eng;Providence;CHI;17;female;.;.;.;Target_Child;.;.;long;toyplay;TD;12;10;1;1;10;NA;NA;6;12;0.5;NA;NA;0.167;12;161;371;0.032;0.434;0;0;0;0;0;NA;7;NA;12;0;0;0;0;0;0;0;0;0;0;0;0;0;0;0
Violet/Violet_010503.cha;eng;Providence;CHI;17;female;.;.;.;Target_Child;.;.;long;toyplay;TD;18;15;1;1;15;NA;NA;5;18;0.278;NA;NA;0.167;18;432;811;0.022;0.532;0;0;0;0;0;NA;5;NA;18;0;0;0;0;0;0;0;0;0;0;0;0;0;0;0
Violet/Violet_010520.cha;eng;Providence;CHI;18;female;.;.;.;Target_Child;.;.;long;toyplay;TD;4;4;1.25;2;4;NA;NA;5;5;1;NA;NA;0;5;320;864;0.006;0.37;0;0;0;0;0;NA;3;NA;5;0;0;0;0;0;1;0;0;0;0;0;0;0;0;1
Violet/Violet_010603.cha;eng;Providence;CHI;18;female;.;.;.;Target_Child;.;.;long;toyplay;TD;29;29;1;1.069;29;NA;NA;6;29;0.207;NA;NA;0;29;225;759;0.038;0.297;0;0;0;0;0;NA;7;NA;29;0;0;0;0;0;0;0;0;0;0;0;0;0;0;0
Violet/Violet_010618.cha;eng;Providence;CHI;19;female;.;.;.;Target_Child;.;.;long;toyplay;TD;30;30;1.2;1.233;30;NA;NA;18;37;0.486;NA;NA;0.167;36;124;423;0.085;0.293;0;0;0;0;2;NA;15;NA;37;0;0;0;0;1;0;1;0;0;0;0;0;1;0;3
Violet/Violet_010704.cha;eng;Providence;CHI;19;female;.;.;.;Target_Child;.;.;long;toyplay;TD;178;141;1.702;1.851;50;1.74;1.76;33;311;0.106;9;2.84;0.011;311;487;1343;0.232;0.363;0;0;0;0;2;NA;48;NA;311;3;0;0;1;0;0;0;0;0;0;0;0;0;0;2
Violet/Violet_010722.cha;eng;Providence;CHI;20;female;.;.;.;Target_Child;.;.;long;toyplay;TD;70;64;1.828;1.984;50;1.84;2.02;30;125;0.24;27;8.57;0.157;125;187;534;0.234;0.35;0;0;0;0;0;NA;26;NA;125;0;0;0;0;0;0;0;2;0;0;0;0;0;0;1
Violet/Violet_010805.cha;eng;Providence;CHI;20;female;.;.;.;Target_Child;.;.;long;toyplay;TD;105;78;1.397;1.577;50;1.38;1.54;36;144;0.25;27;9.59;0.057;143;306;891;0.16;0.343;0;0;0;0;0;NA;44;NA;144;1;0;0;0;0;0;0;3;0;0;0;0;0;1;3
Violet/Violet_010822.cha;eng;Providence;CHI;21;female;.;.;.;Target_Child;.;.;long;toyplay;TD;83;64;1.266;1.344;50;1.3;1.4;46;110;0.418;41;18;0.169;110;240;868;0.127;0.276;0;0;0;0;4;NA;50;14;110;0;2;0;3;0;0;0;3;0;0;0;0;0;0;3
Violet/Violet_010907.cha;eng;Providence;CHI;21;female;.;.;.;Target_Child;.;.;long;toyplay;TD;223;173;1.78;1.994;50;1.74;2;128;396;0.323;45;52.18;0.152;392;443;1156;0.339;0.383;0;0;0;0;15;NA;50;21;396;6;5;0;26;2;0;10;6;0;1;0;1;4;0;9
Violet/Violet_010925.cha;eng;Providence;CHI;22;female;.;.;.;Target_Child;.;.;long;toyplay;TD;260;217;1.507;1.636;50;1.58;1.7;86;409;0.21;33;27.43;0.169;402;509;1231;0.327;0.414;0;0;0;0;14;NA;50;21;409;5;0;0;11;1;0;3;16;0;7;0;0;6;1;8
Violet/Violet_011012.cha;eng;Providence;CHI;22;female;.;.;.;Target_Child;.;.;long;toyplay;TD;195;139;1.863;2.036;50;1.96;2.06;99;380;0.261;48;29.91;0.369;370;363;973;0.38;0.373;0;0;0;0;22;NA;50;18;380;1;2;11;7;1;0;2;15;1;0;0;1;10;0;10
Violet/Violet_011027.cha;eng;Providence;CHI;23;female;.;.;.;Target_Child;.;.;long;toyplay;TD;259;224;2.281;2.496;50;2.46;2.74;178;602;0.296;48;69.58;0.293;584;367;1117;0.523;0.329;0;0;0;0;41;NA;50;34;602;1;5;5;12;6;0;8;47;0;4;0;1;8;1;11
Violet/Violet_011115.cha;eng;Providence;CHI;24;female;.;.;.;Target_Child;.;.;long;toyplay;TD;168;135;2.43;2.793;50;2.04;2.36;116;421;0.276;45;41.15;0.429;398;419;1167;0.341;0.359;0;0;0;0;41;NA;50;31;421;9;13;3;15;1;0;3;26;1;1;2;1;12;3;13
Violet/Violet_011128.cha;eng;Providence;CHI;24;female;.;.;.;Target_Child;.;.;long;toyplay;TD;197;155;1.974;2.484;50;1.9;2.26;130;402;0.323;51;40.57;0.279;383;360;934;0.41;0.386;0;0;0;0;35;NA;50;24;402;10;1;2;12;1;2;6;35;0;0;0;0;14;5;10
Violet/Violet_020013.cha;eng;Providence;CHI;24;female;.;.;.;Target_Child;.;.;long;toyplay;TD;267;182;2.61;2.962;50;2.4;2.52;159;735;0.216;39;30.84;0.472;699;446;1449;0.482;0.308;0;0;0;0;50;6.44;50;27;735;15;16;16;11;8;1;10;32;6;3;0;5;19;14;13
Violet/Violet_020027.cha;eng;Providence;CHI;25;female;.;.;.;Target_Child;.;.;long;toyplay;TD;245;195;2.918;3.354;50;3.1;3.7;176;776;0.227;42;42.57;0.584;710;286;993;0.715;0.288;1;0;0;0;50;5.64;50;43;776;28;6;6;20;8;2;18;30;4;6;0;1;22;17;13
Violet/Violet_020110.cha;eng;Providence;CHI;25;female;.;.;.;Target_Child;.;.;long;toyplay;TD;435;360;2.544;2.794;50;2.76;3.2;209;1173;0.178;38;33;0.487;1130;540;1483;0.762;0.364;1;0;0;2;50;5.88;50;46;1173;7;17;17;19;32;2;5;86;9;13;6;3;14;5;14
Violet/Violet_020119.cha;eng;Providence;CHI;26;female;.;.;.;Target_Child;.;.;long;toyplay;TD;324;255;2.855;3.263;50;2.74;3.04;185;1027;0.18;40;35.29;0.577;947;441;1282;0.739;0.344;0;0;0;4;50;6.3;50;32;1027;12;17;9;14;10;2;8;90;1;4;6;4;66;2;14
Violet/Violet_020211.cha;eng;Providence;CHI;26;female;.;.;.;Target_Child;.;.;long;toyplay;TD;325;234;2.521;2.838;50;2.04;2.34;202;918;0.22;41;38.73;0.495;869;464;1423;0.61;0.326;0;0;0;8;50;7.04;50;37;918;18;8;16;12;12;1;10;72;10;5;0;2;27;7;13
Violet/Violet_020305.cha;eng;Providence;CHI;27;female;.;.;.;Target_Child;.;.;long;toyplay;TD;258;184;2.337;2.592;50;2.68;2.96;176;656;0.268;44;46.12;0.446;631;392;1279;0.493;0.306;0;0;0;9;38;NA;50;46;656;4;15;10;14;10;0;10;46;1;10;0;1;23;1;12
Violet/Violet_020312.cha;eng;Providence;CHI;27;female;.;.;.;Target_Child;.;.;long;toyplay;TD;229;176;2.625;3.108;50;2.36;2.66;140;728;0.192;49;35.55;0.563;672;279;978;0.687;0.285;0;0;0;2;50;7.04;50;44;728;22;18;7;25;5;0;12;49;0;6;10;6;21;14;12
Violet/Violet_020319.cha;eng;Providence;CHI;28;female;.;.;.;Target_Child;.;.;long;toyplay;TD;275;193;2;2.264;50;1.84;2.06;158;733;0.216;50;28.1;0.451;672;343;1258;0.534;0.273;0;0;0;6;43;NA;50;37;733;24;5;4;9;9;0;11;78;3;2;2;3;32;14;13
Violet/Violet_020501.cha;eng;Providence;CHI;29;female;.;.;.;Target_Child;.;.;long;toyplay;TD;471;383;2.817;3.159;50;3.02;3.2;241;1437;0.168;54;39.05;0.561;1358;564;1608;0.845;0.351;0;0;0;6;50;7.86;50;43;1437;14;27;21;31;8;0;42;108;1;16;11;12;30;5;13
Violet/Violet_020515.cha;eng;Providence;CHI;30;female;.;.;.;Target_Child;.;.;long;toyplay;TD;455;393;2.501;2.705;50;2.52;2.74;268;1145;0.234;46;66.71;0.354;1118;520;1508;0.742;0.345;0;0;0;0;50;6.52;50;37;1145;12;9;12;24;9;1;21;80;5;8;5;8;15;3;14
Violet/Violet_020527.cha;eng;Providence;CHI;30;female;.;.;.;Target_Child;.;.;long;toyplay;TD;377;305;3.233;3.567;50;2.86;3.18;272;1267;0.215;54;57.7;0.501;1227;441;1864;0.658;0.237;0;0;0;2;50;6;50;45;1267;12;13;8;33;20;0;23;92;3;14;14;12;11;5;13
Violet/Violet_020616.cha;eng;Providence;CHI;31;female;.;.;.;Target_Child;.;.;long;toyplay;TD;325;240;3.671;3.992;50;2.92;3.14;254;1201;0.211;49;58.92;0.689;1161;394;1659;0.7;0.237;0;0;0;0;50;7.08;50;48;1201;18;13;7;20;21;1;33;71;5;20;2;5;21;5;14
Violet/Violet_020627.cha;eng;Providence;CHI;31;female;.;.;.;Target_Child;.;.;long;toyplay;TD;178;130;3.492;4.192;50;3.18;3.8;143;685;0.209;39;32.85;0.77;621;225;877;0.708;0.256;0;0;0;0;50;7.24;50;42;685;27;6;5;7;8;0;18;63;0;0;0;4;19;22;10
Violet/Violet_020707.cha;eng;Providence;CHI;31;female;.;.;.;Target_Child;.;.;long;toyplay;TD;409;344;3.331;3.718;50;3.38;3.96;268;1390;0.193;46;57.72;0.589;1340;445;1790;0.749;0.249;0;0;0;0;50;7.8;50;43;1390;44;4;10;15;13;1;30;112;1;13;0;4;5;17;13
Violet/Violet_020724.cha;eng;Providence;CHI;32;female;.;.;.;Target_Child;.;.;long;toyplay;TD;181;125;3.064;3.304;50;2.8;3.06;132;604;0.219;49;37.44;0.641;575;318;1146;0.502;0.278;0;0;0;4;46;NA;50;38;604;4;9;6;11;9;0;15;31;0;2;1;3;11;1;12
Violet/Violet_020807.cha;eng;Providence;CHI;32;female;.;.;.;Target_Child;.;.;long;toyplay;TD;327;284;2.648;3.014;50;2.58;2.94;235;907;0.259;50;54.72;0.502;857;403;1181;0.725;0.341;0;0;0;0;50;7.98;50;44;907;8;9;3;37;9;4;12;46;5;6;5;3;17;4;14
Violet/Violet_020819.cha;eng;Providence;CHI;33;female;.;.;.;Target_Child;.;.;long;toyplay;TD;231;200;2.83;3.085;50;3.36;3.74;155;682;0.227;47;38.04;0.563;657;299;1040;0.632;0.287;0;0;0;0;50;7.26;50;49;682;10;1;8;11;7;0;11;44;2;6;6;1;5;4;13
Violet/Violet_020908.cha;eng;Providence;CHI;33;female;.;.;.;Target_Child;.;.;long;toyplay;TD;383;298;2.698;3.081;50;3.06;3.54;212;1244;0.17;44;43.99;0.611;1139;512;1523;0.748;0.336;0;0;0;2;50;6.82;50;37;1244;11;28;13;20;10;3;29;59;5;7;1;6;57;9;14
Violet/Violet_021002.cha;eng;Providence;CHI;34;female;.;.;.;Target_Child;.;.;long;toyplay;TD;380;289;3.27;3.626;50;3.38;3.96;222;1355;0.164;37;35.67;0.732;1306;486;1954;0.668;0.249;0;0;0;0;50;8.2;50;46;1355;62;13;13;17;14;0;19;66;4;6;0;5;13;15;12
Violet/Violet_021016.cha;eng;Providence;CHI;35;female;.;.;.;Target_Child;.;.;long;toyplay;TD;182;125;2.616;2.864;50;2.66;2.8;129;531;0.243;41;48.28;0.456;503;303;1050;0.479;0.288;0;0;0;13;24;NA;50;36;531;3;3;0;16;4;0;13;31;1;2;1;1;13;0;11
Violet/Violet_021028.cha;eng;Providence;CHI;35;female;.;.;.;Target_Child;.;.;long;toyplay;TD;321;255;3.02;3.204;50;3.02;3.24;185;952;0.194;50;35.66;0.405;928;368;1244;0.746;0.296;0;0;0;0;50;9.36;50;27;952;2;2;0;24;1;0;11;34;0;8;8;3;4;1;11
Violet/Violet_021126.cha;eng;Providence;CHI;36;female;.;.;.;Target_Child;.;.;long;toyplay;TD;182;119;2.891;3.193;50;2.74;2.8;148;643;0.23;42;36.54;0.456;615;290;1328;0.463;0.218;0;0;0;8;27;NA;50;40;643;11;5;26;3;3;0;12;38;3;6;2;2;17;7;13
Violet/Violet_030119.cha;eng;Providence;CHI;38;female;.;.;.;Target_Child;.;.;long;toyplay;TD;260;212;2.642;3.052;50;1.66;2.04;223;759;0.294;67;59.65;0.496;711;374;1160;0.613;0.323;0;0;0;6;50;7.2;50;34;759;24;6;5;13;3;2;26;51;1;2;4;10;23;4;14
Violet/Violet_030400.cha;eng;Providence;CHI;40;female;.;.;.;Target_Child;.;.;long;toyplay;TD;237;166;2.771;3.102;50;2.54;2.86;178;709;0.251;43;51.2;0.557;673;427;1688;0.399;0.253;0;0;0;0;50;7.66;50;42;709;6;10;4;18;6;0;13;36;0;1;2;4;13;1;12
Violet/Violet_030424.cha;eng;Providence;CHI;41;female;.;.;.;Target_Child;.;.;long;toyplay;TD;283;214;3.238;3.561;50;2.94;3.18;235;945;0.249;55;49.58;0.558;911;347;1023;0.89;0.339;0;0;0;0;50;7.68;50;43;945;14;2;13;12;6;1;25;94;0;12;4;3;10;4;13
Violet/Violet_030600.cha;eng;Providence;CHI;42;female;.;.;.;Target_Child;.;.;long;toyplay;TD;315;238;2.731;3.097;50;2.48;2.72;234;883;0.265;57;63.5;0.435;855;455;1585;0.54;0.287;0;0;0;0;50;7.6;50;34;883;27;2;1;22;21;6;29;52;2;9;7;8;13;9;14
Violet/Violet_030621.cha;eng;Providence;CHI;43;female;.;.;.;Target_Child;.;.;long;toyplay;TD;208;168;2.512;2.768;50;2.46;2.72;169;625;0.27;45;42.4;0.548;597;258;776;0.769;0.332;0;0;0;5;45;NA;50;47;625;9;4;0;14;7;1;13;37;1;3;4;4;10;2;13
Violet/Violet_030722.cha;eng;Providence;CHI;44;female;.;.;.;Target_Child;.;.;long;toyplay;TD;238;161;3.304;3.839;50;3.1;3.68;221;866;0.255;59;54.5;0.685;808;316;1133;0.713;0.279;0;0;0;0;50;8.4;50;45;866;15;3;2;20;16;2;14;59;3;4;0;5;26;9;13
Violet/Violet_030823.cha;eng;Providence;CHI;45;female;.;.;.;Target_Child;.;.;long;toyplay;TD;262;193;3.834;4.44;50;3.94;4.74;222;1103;0.201;40;48.81;0.802;1034;317;1083;0.955;0.293;0;0;0;0;50;9.06;50;47;1103;40;11;9;14;11;5;15;69;3;10;7;22;25;14;14
Violet/Violet_031018.cha;eng;Providence;CHI;47;female;.;.;.;Target_Child;.;.;long;toyplay;TD;200;162;3.944;4.611;50;4.08;4.78;188;877;0.214;42;53.81;0.86;809;278;1176;0.688;0.236;0;0;0;0;50;9.6;50;54;877;30;10;9;20;9;3;12;63;8;10;0;6;10;18;13
Violet/Violet_031124.cha;eng;Providence;CHI;48;female;.;.;.;Target_Child;.;.;long;toyplay;TD;149;88;3.909;4.739;50;4.08;5.22;159;653;0.243;59;38.01;0.933;602;254;1177;0.511;0.216;0;0;0;5;48;NA;50;42;653;20;2;1;7;10;0;11;22;2;5;1;5;14;21;13
William/William_010412.cha;eng;Providence;CHI;16;male;.;.;.;Target_Child;.;.;long;toyplay;TD;140;128;1.156;1.234;50;1.26;1.34;59;164;0.36;42;23.12;0.1;164;291;893;0.184;0.326;0;0;0;0;2;NA;50;8;164;0;0;0;2;0;0;0;7;0;0;0;0;0;0;2
William/William_010427.cha;eng;Providence;CHI;17;male;.;.;.;Target_Child;.;.;long;toyplay;TD;98;92;1.359;1.489;50;1.34;1.48;39;133;0.293;33;15.26;0.031;133;282;925;0.144;0.305;0;0;0;0;1;NA;42;NA;133;0;0;0;4;0;0;0;3;0;0;0;0;0;0;2
William/William_010605.cha;eng;Providence;CHI;18;male;.;.;.;Target_Child;.;.;long;toyplay;TD;214;175;1.189;1.269;50;1.32;1.4;63;253;0.249;43;13.55;0.065;252;411;1304;0.193;0.315;0;0;0;0;3;NA;50;7;253;1;0;0;6;0;0;1;4;0;0;0;0;0;1;5
William/William_010619.cha;eng;Providence;CHI;19;male;.;.;.;Target_Child;.;.;long;toyplay;TD;212;172;1.297;1.372;50;1.1;1.18;68;276;0.246;26;20.73;0.151;273;356;1169;0.233;0.304;0;0;0;0;6;NA;50;15;276;0;0;0;3;0;0;1;2;0;0;0;0;0;0;3
William/William_010708.cha;eng;Providence;CHI;19;male;.;.;.;Target_Child;.;.;long;toyplay;TD;378;352;1.185;1.233;50;1.18;1.24;73;450;0.162;32;11.63;0.101;450;606;1388;0.324;0.437;0;0;0;0;9;NA;50;8;450;2;0;0;9;1;0;1;13;0;0;0;0;0;0;5
William/William_010718.cha;eng;Providence;CHI;20;male;.;.;.;Target_Child;.;.;long;toyplay;TD;166;154;1.305;1.377;50;1.44;1.44;71;224;0.317;24;15.81;0.145;224;216;797;0.281;0.271;0;0;0;0;6;NA;50;15;224;0;0;0;8;2;0;0;4;0;0;0;0;0;0;3
William/William_010802.cha;eng;Providence;CHI;20;male;.;.;.;Target_Child;.;.;long;toyplay;TD;395;345;1.507;1.617;50;1.32;1.56;137;615;0.223;35;43.8;0.127;602;635;1473;0.409;0.431;0;0;0;0;22;NA;50;10;615;4;0;2;2;3;0;1;16;0;0;0;0;6;1;8
William/William_010814.cha;eng;Providence;CHI;20;male;.;.;.;Target_Child;.;.;long;toyplay;TD;353;305;1.649;1.734;50;1.68;1.78;163;568;0.287;47;49.32;0.187;565;514;1106;0.511;0.465;0;0;0;0;29;NA;50;17;568;2;0;0;10;1;0;3;50;0;3;0;2;1;1;9
William/William_010829.cha;eng;Providence;CHI;21;male;.;.;.;Target_Child;.;.;long;toyplay;TD;48;32;1.281;1.312;32;NA;NA;19;60;0.317;NA;5.09;0.167;60;113;305;0.197;0.371;0;0;0;0;0;NA;26;NA;60;0;0;0;5;0;0;0;2;0;0;0;0;0;0;2
William/William_010912.cha;eng;Providence;CHI;21;male;.;.;.;Target_Child;.;.;long;toyplay;TD;256;207;1.367;1.551;50;1.24;1.72;120;355;0.338;37;48.65;0.137;352;406;1097;0.321;0.37;0;0;0;0;16;NA;50;10;355;1;0;0;27;1;0;4;3;0;1;0;0;1;0;7
William/William_010927.cha;eng;Providence;CHI;22;male;.;.;.;Target_Child;.;.;long;toyplay;TD;239;208;1.5;1.582;50;1.44;1.5;121;364;0.332;39;46.94;0.121;353;433;1312;0.269;0.33;0;0;0;0;5;NA;50;12;364;0;0;1;8;0;0;0;12;0;0;0;0;0;0;3
William/William_011012.cha;eng;Providence;CHI;22;male;.;.;.;Target_Child;.;.;long;toyplay;TD;384;287;1.265;1.387;50;1.24;1.3;143;522;0.274;45;65.86;0.107;520;576;1342;0.387;0.429;0;0;0;0;13;NA;50;13;522;5;2;7;26;1;0;1;6;0;2;0;0;1;1;10
William/William_011100.cha;eng;Providence;CHI;23;male;.;.;.;Target_Child;.;.;long;toyplay;TD;183;149;1.523;1.591;50;1.52;1.62;95;279;0.341;43;44.63;0.169;279;269;750;0.372;0.358;0;0;0;0;8;NA;50;17;279;1;0;0;7;2;0;0;18;0;1;0;0;0;0;5
William/William_011115.cha;eng;Providence;CHI;24;male;.;.;.;Target_Child;.;.;long;toyplay;TD;286;231;1.468;1.563;50;1.34;1.44;94;430;0.219;41;28.89;0.161;423;400;1196;0.354;0.334;0;0;0;0;19;NA;50;19;430;0;0;6;5;1;0;6;15;0;5;0;0;5;0;7
William/William_020012.cha;eng;Providence;CHI;24;male;.;.;.;Target_Child;.;.;long;toyplay;TD;280;210;1.429;1.505;50;1.4;1.4;98;400;0.245;24;27.41;0.104;399;389;1001;0.399;0.389;0;0;0;0;14;NA;50;12;400;1;0;0;19;0;1;0;9;0;1;0;0;0;0;5
William/William_020028.cha;eng;Providence;CHI;25;male;.;.;.;Target_Child;.;.;long;toyplay;TD;314;245;1.673;1.796;50;1.36;1.46;108;521;0.207;36;29.68;0.261;512;437;1619;0.316;0.27;0;0;0;0;35;NA;50;15;521;0;0;0;17;0;0;1;10;1;2;0;3;9;0;7
William/William_020109.cha;eng;Providence;CHI;25;male;.;.;.;Target_Child;.;.;long;toyplay;TD;100;67;1.522;1.657;50;1.48;1.62;55;149;0.369;41;26.1;0.08;149;134;463;0.322;0.29;0;0;0;0;3;NA;50;15;149;0;0;2;3;0;1;0;6;0;2;0;1;0;0;6
William/William_020127.cha;eng;Providence;CHI;26;male;.;.;.;Target_Child;.;.;long;toyplay;TD;454;377;1.801;1.966;50;1.6;1.7;124;853;0.145;40;28.21;0.302;806;599;1856;0.434;0.323;0;0;0;0;50;4.34;50;13;853;6;2;0;3;6;4;3;38;0;4;0;0;44;1;10
William/William_020209.cha;eng;Providence;CHI;26;male;.;.;.;Target_Child;.;.;long;toyplay;TD;317;250;1.832;2.024;50;1.98;2.32;112;601;0.186;35;33.89;0.41;564;479;1494;0.378;0.321;0;0;0;0;47;NA;50;28;601;1;0;1;3;5;1;10;21;0;2;0;0;23;0;9
William/William_020221.cha;eng;Providence;CHI;27;male;.;.;.;Target_Child;.;.;long;toyplay;TD;203;156;1.474;1.583;50;1.26;1.34;88;316;0.278;41;32.33;0.197;303;458;1204;0.252;0.38;0;0;0;0;17;NA;50;20;316;0;0;2;3;2;0;4;10;1;4;0;0;10;0;8
William/William_020307.cha;eng;Providence;CHI;27;male;.;.;.;Target_Child;.;.;long;toyplay;TD;458;396;1.977;2.295;50;1.98;2.32;164;994;0.165;35;36.64;0.476;901;547;1093;0.825;0.501;0;0;0;0;50;6.14;50;29;994;11;3;23;19;20;1;1;27;4;0;0;0;9;13;11
William/William_020319.cha;eng;Providence;CHI;28;male;.;.;.;Target_Child;.;.;long;toyplay;TD;320;261;2.18;2.563;50;2.24;2.66;157;740;0.212;34;36.02;0.381;669;404;885;0.756;0.456;0;0;0;0;50;5.84;50;26;740;15;3;9;4;2;1;6;51;2;1;0;0;48;12;12
William/William_020403.cha;eng;Providence;CHI;28;male;.;.;.;Target_Child;.;.;long;toyplay;TD;488;418;2.486;3.053;50;2.24;2.54;213;1360;0.157;33;37.7;0.648;1193;561;1149;1.039;0.488;0;0;0;0;50;6.14;50;31;1360;25;5;16;18;8;4;8;99;10;2;0;0;74;16;12
William/William_020416.cha;eng;Providence;CHI;29;male;.;.;.;Target_Child;.;.;long;toyplay;TD;376;338;2.899;3.328;50;2.82;3.38;166;1204;0.138;35;33.98;0.819;1084;430;1151;0.942;0.373;0;0;0;0;50;5.04;50;33;1204;9;6;14;8;8;0;0;61;1;1;0;0;16;7;10
William/William_020500.cha;eng;Providence;CHI;29;male;.;.;.;Target_Child;.;.;long;toyplay;TD;725;556;2.239;2.624;50;1.96;2.18;164;1816;0.09;36;28.73;0.669;1625;848;1449;1.122;0.585;0;0;0;0;50;5.9;50;30;1816;33;17;18;15;29;7;44;66;2;1;0;4;14;23;13
William/William_020516.cha;eng;Providence;CHI;30;male;.;.;.;Target_Child;.;.;long;toyplay;TD;386;328;2.192;2.61;50;2.56;3.22;217;901;0.241;43;53.56;0.399;833;477;960;0.868;0.497;0;0;0;2;50;5.04;50;30;901;15;3;1;37;1;0;17;66;1;1;1;2;42;8;13
William/William_020529.cha;eng;Providence;CHI;30;male;.;.;.;Target_Child;.;.;long;toyplay;TD;156;102;2.294;2.588;50;2.32;2.6;108;353;0.306;47;29.32;0.468;327;278;972;0.337;0.286;0;0;0;0;36;NA;50;32;353;6;1;1;7;3;1;2;17;0;0;0;0;10;5;10
William/William_020612.cha;eng;Providence;CHI;30;male;.;.;.;Target_Child;.;.;long;toyplay;TD;367;270;2.144;2.415;50;2.18;2.72;172;803;0.214;45;48.22;0.376;749;504;1566;0.478;0.322;0;0;0;5;50;4.92;50;37;803;12;5;3;11;4;0;6;60;0;1;0;0;41;6;10
William/William_020626.cha;eng;Providence;CHI;31;male;.;.;.;Target_Child;.;.;long;toyplay;TD;253;151;2.503;2.868;50;2.72;3.2;146;653;0.224;39;41.79;0.458;616;413;1441;0.427;0.287;0;0;0;0;50;4.62;50;22;653;16;7;5;7;5;1;6;56;5;0;0;2;19;12;12
William/William_020708.cha;eng;Providence;CHI;31;male;.;.;.;Target_Child;.;.;long;toyplay;TD;333;284;2.782;3.285;50;3.18;3.92;201;1001;0.201;52;37.47;0.694;919;426;1480;0.621;0.288;0;0;0;0;50;6.58;50;44;1001;37;13;4;11;11;0;10;42;12;7;2;3;24;29;13
William/William_020726.cha;eng;Providence;CHI;32;male;.;.;.;Target_Child;.;.;long;toyplay;TD;380;259;2.239;2.622;50;2.42;2.82;169;908;0.186;32;39.99;0.461;843;589;1815;0.465;0.325;0;0;0;14;50;5.2;50;32;908;13;7;9;7;6;0;10;37;3;1;0;0;47;9;11
William/William_020808.cha;eng;Providence;CHI;32;male;.;.;.;Target_Child;.;.;long;toyplay;TD;384;298;3.017;3.57;50;3.7;4.1;198;1272;0.156;32;25.41;0.622;1142;481;2064;0.553;0.233;0;0;0;0;50;5.2;50;34;1272;19;11;14;22;9;6;52;38;1;10;0;2;81;18;13
William/William_020822.cha;eng;Providence;CHI;33;male;.;.;.;Target_Child;.;.;long;toyplay;TD;297;261;2.912;3.318;50;2.74;3.4;170;940;0.181;35;38.83;0.576;862;371;989;0.871;0.375;0;0;0;12;50;7;50;36;940;30;3;7;2;16;0;9;39;0;3;0;4;16;16;11
William/William_020905.cha;eng;Providence;CHI;33;male;.;.;.;Target_Child;.;.;long;toyplay;TD;589;543;2.442;2.867;50;1.66;1.9;294;1603;0.183;46;43.69;0.587;1452;697;1899;0.764;0.367;0;0;0;4;50;6.76;50;28;1603;38;14;10;19;18;1;27;73;4;13;4;10;77;25;14
William/William_021100.cha;eng;Providence;CHI;35;male;.;.;.;Target_Child;.;.;long;toyplay;TD;299;278;2.155;2.353;50;2.2;2.36;170;681;0.25;40;48.16;0.314;650;373;1024;0.635;0.364;0;0;0;9;50;5.9;50;41;681;5;0;5;8;5;0;6;39;1;4;0;1;25;2;11
William/William_021114.cha;eng;Providence;CHI;35;male;.;.;.;Target_Child;.;.;long;toyplay;TD;385;338;3.044;3.624;50;2.96;3.34;211;1274;0.166;51;32.46;0.743;1187;478;1540;0.771;0.31;0;0;0;21;50;6.36;50;39;1274;25;7;3;27;4;11;17;55;5;4;2;2;36;11;14
William/William_030011.cha;eng;Providence;CHI;36;male;.;.;.;Target_Child;.;.;long;toyplay;TD;462;395;3.099;3.554;50;3.38;3.8;272;1510;0.18;43;65.36;0.602;1412;572;2409;0.586;0.237;0;0;0;0;50;6.56;50;42;1510;20;5;12;25;15;11;29;71;2;11;5;9;52;14;14
William/William_030028.cha;eng;Providence;CHI;37;male;.;.;.;Target_Child;.;.;long;toyplay;TD;541;487;2.708;3.103;50;3.46;4.34;245;1657;0.148;52;45.43;0.525;1544;596;2194;0.704;0.272;4;0;0;0;50;6.4;50;37;1657;32;5;8;50;20;1;23;33;2;5;0;4;37;20;13
William/William_030115.cha;eng;Providence;CHI;38;male;.;.;.;Target_Child;.;.;long;toyplay;TD;728;651;3.109;3.47;50;3.94;4.48;323;2401;0.135;51;51.02;0.727;2290;859;2037;1.124;0.422;0;0;0;46;50;7.66;50;52;2401;32;27;34;17;70;2;71;132;1;11;2;9;74;17;14
William/William_030125.cha;eng;Providence;CHI;38;male;.;.;.;Target_Child;.;.;long;toyplay;TD;524;484;2.486;2.762;50;2.26;2.38;247;1379;0.179;50;61.01;0.513;1328;661;2004;0.663;0.33;0;0;1;10;50;5.66;50;32;1379;20;7;11;34;11;4;20;60;4;2;3;14;11;9;14
William/William_030221.cha;eng;Providence;CHI;39;male;.;.;.;Target_Child;.;.;long;toyplay;TD;725;665;2.83;3.078;50;2.82;3.1;327;2150;0.152;38;48.48;0.567;2092;846;1934;1.081;0.437;0;0;0;49;50;6.3;50;28;2150;18;13;20;23;15;1;54;127;1;7;1;13;39;10;14
William/William_030305.cha;eng;Providence;CHI;39;male;.;.;.;Target_Child;.;.;long;toyplay;TD;533;491;3.475;3.721;50;3.38;3.7;243;1922;0.126;45;32.25;0.64;1836;610;2164;0.848;0.282;0;0;0;1;50;6.26;50;42;1922;24;6;21;3;25;2;22;72;3;5;1;10;16;25;14
William/William_030325.cha;eng;Providence;CHI;40;male;.;.;.;Target_Child;.;.;long;toyplay;TD;429;396;3.071;3.336;50;3.12;3.54;234;1357;0.172;34;60.97;0.592;1308;461;1705;0.767;0.27;2;0;0;0;50;5.94;50;42;1357;19;13;8;7;21;5;32;46;4;6;0;10;18;7;13
William/William_030418.cha;eng;Providence;CHI;41;male;.;.;.;Target_Child;.;.;long;toyplay;TD;762;683;2.918;3.379;50;3.62;4;328;2347;0.14;53;48.71;0.575;2220;805;2039;1.089;0.395;2;0;0;0;50;7;50;42;2347;47;19;24;53;45;1;62;153;13;13;5;15;69;19;14